cohort_key,match_level,triage_level,age_group,arrival_hour,patient_count,avg_wait_minutes,median_wait_minutes,p90_wait_minutes,avg_los_minutes,median_los_minutes,p90_los_minutes,admission_rate
OVERALL|ALL|ALL|ALL,OVERALL,ALL,ALL,ALL,16025,36.03,14.0,91.0,298.61,191.0,556.0,0.132356
TRIAGE|1|ALL|ALL,TRIAGE,1,ALL,ALL,139,24.95,9.5,55.0,526.65,293.5,1146.0,0.453237
TRIAGE|2|ALL|ALL,TRIAGE,2,ALL,ALL,1595,28.54,12.0,65.0,470.45,290.0,992.0,0.339185
TRIAGE|3|ALL|ALL,TRIAGE,3,ALL,ALL,5340,37.55,15.0,97.0,315.62,228.0,577.0,0.135206
TRIAGE|4|ALL|ALL,TRIAGE,4,ALL,ALL,2826,35.45,15.0,91.0,190.68,132.0,350.0,0.02017
TRIAGE|5|ALL|ALL,TRIAGE,5,ALL,ALL,307,30.76,13.0,79.0,184.47,94.0,338.0,0.029316
TRIAGE|ALL|ALL|ALL,TRIAGE,ALL,ALL,ALL,5818,37.59,14.0,94.0,289.63,171.0,531.0,0.125301
TRIAGE_AGE|1|0-17|ALL,TRIAGE_AGE,1,0-17,ALL,11,40.0,34.0,76.0,208.64,148.0,388.0,0.090909
TRIAGE_AGE|1|18-44|ALL,TRIAGE_AGE,1,18-44,ALL,45,24.47,7.5,39.0,323.78,257.0,636.0,0.444444
TRIAGE_AGE|1|45-64|ALL,TRIAGE_AGE,1,45-64,ALL,32,18.12,8.0,55.0,499.54,375.0,912.0,0.40625
TRIAGE_AGE|1|65-74|ALL,TRIAGE_AGE,1,65-74,ALL,17,26.67,4.0,30.0,693.53,237.0,1535.0,0.529412
TRIAGE_AGE|1|75+|ALL,TRIAGE_AGE,1,75+,ALL,34,24.97,10.5,56.0,809.69,436.5,1391.0,0.588235
TRIAGE_AGE|2|0-17|ALL,TRIAGE_AGE,2,0-17,ALL,201,29.56,19.0,80.0,361.37,246.0,734.0,0.208955
TRIAGE_AGE|2|18-44|ALL,TRIAGE_AGE,2,18-44,ALL,452,29.52,11.0,59.0,468.88,275.5,957.0,0.179204
TRIAGE_AGE|2|45-64|ALL,TRIAGE_AGE,2,45-64,ALL,450,29.46,12.0,65.0,517.75,315.5,1119.0,0.408889
TRIAGE_AGE|2|65-74|ALL,TRIAGE_AGE,2,65-74,ALL,255,28.86,11.5,63.0,452.15,295.0,977.0,0.431373
TRIAGE_AGE|2|75+|ALL,TRIAGE_AGE,2,75+,ALL,237,24.09,9.0,53.0,495.89,337.0,1170.0,0.523207
TRIAGE_AGE|3|0-17|ALL,TRIAGE_AGE,3,0-17,ALL,847,40.15,17.0,106.0,238.43,176.5,414.0,0.054309
TRIAGE_AGE|3|18-44|ALL,TRIAGE_AGE,3,18-44,ALL,1890,38.06,15.0,98.0,290.79,215.0,514.0,0.074603
TRIAGE_AGE|3|45-64|ALL,TRIAGE_AGE,3,45-64,ALL,1367,38.95,14.0,100.0,358.27,254.0,686.0,0.155084
TRIAGE_AGE|3|65-74|ALL,TRIAGE_AGE,3,65-74,ALL,586,36.86,16.0,91.0,366.21,280.0,681.0,0.223549
TRIAGE_AGE|3|75+|ALL,TRIAGE_AGE,3,75+,ALL,650,30.61,13.0,74.0,353.83,250.0,635.0,0.295385
TRIAGE_AGE|4|0-17|ALL,TRIAGE_AGE,4,0-17,ALL,893,40.74,18.0,106.0,158.4,124.0,310.0,0.010078
TRIAGE_AGE|4|18-44|ALL,TRIAGE_AGE,4,18-44,ALL,1125,30.32,14.0,82.0,191.18,124.0,352.0,0.010667
TRIAGE_AGE|4|45-64|ALL,TRIAGE_AGE,4,45-64,ALL,540,35.5,14.0,87.0,221.83,144.0,434.0,0.038889
TRIAGE_AGE|4|65-74|ALL,TRIAGE_AGE,4,65-74,ALL,153,44.24,18.0,115.0,254.01,151.0,400.0,0.03268
TRIAGE_AGE|4|75+|ALL,TRIAGE_AGE,4,75+,ALL,115,33.83,14.0,78.0,208.14,184.0,409.0,0.086957
TRIAGE_AGE|5|0-17|ALL,TRIAGE_AGE,5,0-17,ALL,94,36.42,17.0,110.0,153.37,100.5,331.0,0.042553
TRIAGE_AGE|5|18-44|ALL,TRIAGE_AGE,5,18-44,ALL,111,29.49,13.5,66.0,216.5,94.0,329.0,0.0
TRIAGE_AGE|5|45-64|ALL,TRIAGE_AGE,5,45-64,ALL,58,22.82,12.5,51.0,214.51,85.0,310.0,0.034483
TRIAGE_AGE|5|65-74|ALL,TRIAGE_AGE,5,65-74,ALL,24,50.2,11.5,96.0,143.67,118.5,356.0,0.125
TRIAGE_AGE|5|75+|ALL,TRIAGE_AGE,5,75+,ALL,20,11.56,8.5,26.0,120.75,58.0,347.0,0.0
TRIAGE_AGE|ALL|0-17|ALL,TRIAGE_AGE,ALL,0-17,ALL,1381,39.4,16.0,119.0,234.05,146.0,406.0,0.053584
TRIAGE_AGE|ALL|18-44|ALL,TRIAGE_AGE,ALL,18-44,ALL,2053,35.86,15.0,88.0,271.46,157.5,502.0,0.08037
TRIAGE_AGE|ALL|45-64|ALL,TRIAGE_AGE,ALL,45-64,ALL,1256,40.28,14.0,87.0,316.86,183.0,643.0,0.133758
TRIAGE_AGE|ALL|65-74|ALL,TRIAGE_AGE,ALL,65-74,ALL,546,43.28,14.0,117.0,372.98,222.0,704.0,0.234432
TRIAGE_AGE|ALL|75+|ALL,TRIAGE_AGE,ALL,75+,ALL,582,28.0,10.0,71.0,345.72,227.0,577.0,0.333333
TRIAGE_AGE_HOUR|1|0-17|10,TRIAGE_AGE_HOUR,1,0-17,10,1,45.0,45.0,45.0,143.0,143.0,143.0,0.0
TRIAGE_AGE_HOUR|1|0-17|11,TRIAGE_AGE_HOUR,1,0-17,11,2,43.5,43.5,76.0,368.5,368.5,589.0,0.0
TRIAGE_AGE_HOUR|1|0-17|13,TRIAGE_AGE_HOUR,1,0-17,13,2,25.5,25.5,34.0,260.0,260.0,388.0,0.0
TRIAGE_AGE_HOUR|1|0-17|14,TRIAGE_AGE_HOUR,1,0-17,14,1,148.0,148.0,148.0,201.0,201.0,201.0,0.0
TRIAGE_AGE_HOUR|1|0-17|16,TRIAGE_AGE_HOUR,1,0-17,16,1,45.0,45.0,45.0,136.0,136.0,136.0,0.0
TRIAGE_AGE_HOUR|1|0-17|19,TRIAGE_AGE_HOUR,1,0-17,19,2,6.5,6.5,10.0,49.0,49.0,83.0,0.5
TRIAGE_AGE_HOUR|1|0-17|22,TRIAGE_AGE_HOUR,1,0-17,22,1,2.0,2.0,2.0,180.0,180.0,180.0,0.0
TRIAGE_AGE_HOUR|1|0-17|7,TRIAGE_AGE_HOUR,1,0-17,7,1,49.0,49.0,49.0,280.0,280.0,280.0,0.0
TRIAGE_AGE_HOUR|1|18-44|0,TRIAGE_AGE_HOUR,1,18-44,0,2,14.0,14.0,14.0,313.5,313.5,547.0,0.5
TRIAGE_AGE_HOUR|1|18-44|1,TRIAGE_AGE_HOUR,1,18-44,1,2,5.0,5.0,8.0,249.0,249.0,380.0,1.0
TRIAGE_AGE_HOUR|1|18-44|10,TRIAGE_AGE_HOUR,1,18-44,10,3,5.33,5.0,10.0,296.0,292.0,411.0,0.333333
TRIAGE_AGE_HOUR|1|18-44|11,TRIAGE_AGE_HOUR,1,18-44,11,2,22.0,22.0,22.0,301.0,301.0,301.0,0.0
TRIAGE_AGE_HOUR|1|18-44|13,TRIAGE_AGE_HOUR,1,18-44,13,3,32.5,32.5,62.0,619.33,396.0,1397.0,0.666667
TRIAGE_AGE_HOUR|1|18-44|14,TRIAGE_AGE_HOUR,1,18-44,14,2,198.0,198.0,373.0,191.0,191.0,191.0,0.5
TRIAGE_AGE_HOUR|1|18-44|15,TRIAGE_AGE_HOUR,1,18-44,15,1,4.0,4.0,4.0,79.0,79.0,79.0,0.0
TRIAGE_AGE_HOUR|1|18-44|16,TRIAGE_AGE_HOUR,1,18-44,16,1,22.0,22.0,22.0,471.0,471.0,471.0,0.0
TRIAGE_AGE_HOUR|1|18-44|17,TRIAGE_AGE_HOUR,1,18-44,17,3,18.33,7.0,48.0,648.0,403.0,1262.0,0.666667
TRIAGE_AGE_HOUR|1|18-44|18,TRIAGE_AGE_HOUR,1,18-44,18,2,,,,351.0,351.0,351.0,0.5
TRIAGE_AGE_HOUR|1|18-44|19,TRIAGE_AGE_HOUR,1,18-44,19,2,17.0,17.0,33.0,368.0,368.0,636.0,0.5
TRIAGE_AGE_HOUR|1|18-44|2,TRIAGE_AGE_HOUR,1,18-44,2,1,34.0,34.0,34.0,345.0,345.0,345.0,0.0
TRIAGE_AGE_HOUR|1|18-44|20,TRIAGE_AGE_HOUR,1,18-44,20,1,3.0,3.0,3.0,245.0,245.0,245.0,1.0
TRIAGE_AGE_HOUR|1|18-44|21,TRIAGE_AGE_HOUR,1,18-44,21,1,8.0,8.0,8.0,74.0,74.0,74.0,1.0
TRIAGE_AGE_HOUR|1|18-44|22,TRIAGE_AGE_HOUR,1,18-44,22,3,11.33,2.0,32.0,248.0,229.0,287.0,1.0
TRIAGE_AGE_HOUR|1|18-44|23,TRIAGE_AGE_HOUR,1,18-44,23,1,29.0,29.0,29.0,966.0,966.0,966.0,1.0
TRIAGE_AGE_HOUR|1|18-44|4,TRIAGE_AGE_HOUR,1,18-44,4,2,21.0,21.0,39.0,146.0,146.0,263.0,0.5
TRIAGE_AGE_HOUR|1|18-44|5,TRIAGE_AGE_HOUR,1,18-44,5,1,22.0,22.0,22.0,67.0,67.0,67.0,0.0
TRIAGE_AGE_HOUR|1|18-44|6,TRIAGE_AGE_HOUR,1,18-44,6,2,0.5,0.5,1.0,192.0,192.0,251.0,0.0
TRIAGE_AGE_HOUR|1|18-44|7,TRIAGE_AGE_HOUR,1,18-44,7,1,0.0,0.0,0.0,87.0,87.0,87.0,1.0
TRIAGE_AGE_HOUR|1|18-44|8,TRIAGE_AGE_HOUR,1,18-44,8,1,4.0,4.0,4.0,372.0,372.0,372.0,1.0
TRIAGE_AGE_HOUR|1|18-44|9,TRIAGE_AGE_HOUR,1,18-44,9,2,8.5,8.5,12.0,68.0,68.0,86.0,0.0
TRIAGE_AGE_HOUR|1|18-44|ALL,TRIAGE_AGE_HOUR,1,18-44,ALL,6,,,,,,,0.0
TRIAGE_AGE_HOUR|1|45-64|11,TRIAGE_AGE_HOUR,1,45-64,11,2,22.5,22.5,37.0,469.0,469.0,678.0,1.0
TRIAGE_AGE_HOUR|1|45-64|12,TRIAGE_AGE_HOUR,1,45-64,12,1,5.0,5.0,5.0,272.0,272.0,272.0,1.0
TRIAGE_AGE_HOUR|1|45-64|13,TRIAGE_AGE_HOUR,1,45-64,13,3,38.5,38.5,56.0,752.33,539.0,1273.0,0.0
TRIAGE_AGE_HOUR|1|45-64|14,TRIAGE_AGE_HOUR,1,45-64,14,2,8.5,8.5,12.0,702.0,702.0,1060.0,0.5
TRIAGE_AGE_HOUR|1|45-64|15,TRIAGE_AGE_HOUR,1,45-64,15,1,,,,237.0,237.0,237.0,0.0
TRIAGE_AGE_HOUR|1|45-64|17,TRIAGE_AGE_HOUR,1,45-64,17,2,33.5,33.5,63.0,337.5,337.5,351.0,1.0
TRIAGE_AGE_HOUR|1|45-64|18,TRIAGE_AGE_HOUR,1,45-64,18,2,0.5,0.5,1.0,483.5,483.5,497.0,0.5
TRIAGE_AGE_HOUR|1|45-64|19,TRIAGE_AGE_HOUR,1,45-64,19,1,4.0,4.0,4.0,74.0,74.0,74.0,1.0
TRIAGE_AGE_HOUR|1|45-64|20,TRIAGE_AGE_HOUR,1,45-64,20,2,3.0,3.0,4.0,168.0,168.0,234.0,0.5
TRIAGE_AGE_HOUR|1|45-64|22,TRIAGE_AGE_HOUR,1,45-64,22,3,27.5,27.5,55.0,496.5,496.5,912.0,0.333333
TRIAGE_AGE_HOUR|1|45-64|23,TRIAGE_AGE_HOUR,1,45-64,23,4,8.67,4.0,20.0,582.5,659.5,846.0,0.25
TRIAGE_AGE_HOUR|1|45-64|3,TRIAGE_AGE_HOUR,1,45-64,3,1,12.0,12.0,12.0,219.0,219.0,219.0,0.0
TRIAGE_AGE_HOUR|1|45-64|5,TRIAGE_AGE_HOUR,1,45-64,5,3,20.0,20.0,20.0,1969.0,1969.0,1969.0,0.0
TRIAGE_AGE_HOUR|1|45-64|6,TRIAGE_AGE_HOUR,1,45-64,6,1,5.0,5.0,5.0,189.0,189.0,189.0,1.0
TRIAGE_AGE_HOUR|1|45-64|8,TRIAGE_AGE_HOUR,1,45-64,8,1,43.0,43.0,43.0,143.0,143.0,143.0,0.0
TRIAGE_AGE_HOUR|1|45-64|9,TRIAGE_AGE_HOUR,1,45-64,9,2,35.0,35.0,50.0,492.0,492.0,585.0,0.5
TRIAGE_AGE_HOUR|1|45-64|ALL,TRIAGE_AGE_HOUR,1,45-64,ALL,1,,,,,,,0.0
TRIAGE_AGE_HOUR|1|65-74|10,TRIAGE_AGE_HOUR,1,65-74,10,3,,,,1690.0,130.0,4857.0,0.666667
TRIAGE_AGE_HOUR|1|65-74|11,TRIAGE_AGE_HOUR,1,65-74,11,2,122.0,122.0,238.0,327.5,327.5,524.0,0.0
TRIAGE_AGE_HOUR|1|65-74|12,TRIAGE_AGE_HOUR,1,65-74,12,2,3.5,3.5,4.0,146.0,146.0,197.0,0.5
TRIAGE_AGE_HOUR|1|65-74|14,TRIAGE_AGE_HOUR,1,65-74,14,3,15.0,15.0,30.0,893.33,766.0,1535.0,1.0
TRIAGE_AGE_HOUR|1|65-74|15,TRIAGE_AGE_HOUR,1,65-74,15,1,,,,369.0,369.0,369.0,0.0
TRIAGE_AGE_HOUR|1|65-74|20,TRIAGE_AGE_HOUR,1,65-74,20,1,4.0,4.0,4.0,179.0,179.0,179.0,0.0
TRIAGE_AGE_HOUR|1|65-74|21,TRIAGE_AGE_HOUR,1,65-74,21,1,23.0,23.0,23.0,,,,1.0
TRIAGE_AGE_HOUR|1|65-74|4,TRIAGE_AGE_HOUR,1,65-74,4,1,0.0,0.0,0.0,786.0,786.0,786.0,1.0
TRIAGE_AGE_HOUR|1|65-74|6,TRIAGE_AGE_HOUR,1,65-74,6,1,0.0,0.0,0.0,237.0,237.0,237.0,1.0
TRIAGE_AGE_HOUR|1|65-74|7,TRIAGE_AGE_HOUR,1,65-74,7,1,10.0,10.0,10.0,,,,0.0
TRIAGE_AGE_HOUR|1|65-74|8,TRIAGE_AGE_HOUR,1,65-74,8,1,2.0,2.0,2.0,135.0,135.0,135.0,0.0
TRIAGE_AGE_HOUR|1|75+|0,TRIAGE_AGE_HOUR,1,75+,0,1,9.0,9.0,9.0,981.0,981.0,981.0,1.0
TRIAGE_AGE_HOUR|1|75+|1,TRIAGE_AGE_HOUR,1,75+,1,2,19.5,19.5,21.0,458.5,458.5,846.0,1.0
TRIAGE_AGE_HOUR|1|75+|10,TRIAGE_AGE_HOUR,1,75+,10,2,1.0,1.0,1.0,981.5,981.5,1144.0,0.5
TRIAGE_AGE_HOUR|1|75+|11,TRIAGE_AGE_HOUR,1,75+,11,1,0.0,0.0,0.0,714.0,714.0,714.0,1.0
TRIAGE_AGE_HOUR|1|75+|13,TRIAGE_AGE_HOUR,1,75+,13,3,7.0,7.0,10.0,155.67,166.0,176.0,1.0
TRIAGE_AGE_HOUR|1|75+|14,TRIAGE_AGE_HOUR,1,75+,14,1,245.0,245.0,245.0,637.0,637.0,637.0,0.0
TRIAGE_AGE_HOUR|1|75+|15,TRIAGE_AGE_HOUR,1,75+,15,2,35.0,35.0,56.0,711.0,711.0,1125.0,0.5
TRIAGE_AGE_HOUR|1|75+|16,TRIAGE_AGE_HOUR,1,75+,16,1,16.0,16.0,16.0,1391.0,1391.0,1391.0,1.0
TRIAGE_AGE_HOUR|1|75+|17,TRIAGE_AGE_HOUR,1,75+,17,5,22.0,16.0,62.0,722.6,746.0,1349.0,0.2
TRIAGE_AGE_HOUR|1|75+|18,TRIAGE_AGE_HOUR,1,75+,18,2,51.5,51.5,102.0,1563.5,1563.5,2824.0,1.0
TRIAGE_AGE_HOUR|1|75+|19,TRIAGE_AGE_HOUR,1,75+,19,1,24.0,24.0,24.0,380.0,380.0,380.0,1.0
TRIAGE_AGE_HOUR|1|75+|21,TRIAGE_AGE_HOUR,1,75+,21,3,3.33,4.0,6.0,2053.0,2053.0,4070.0,0.666667
TRIAGE_AGE_HOUR|1|75+|22,TRIAGE_AGE_HOUR,1,75+,22,1,1.0,1.0,1.0,87.0,87.0,87.0,1.0
TRIAGE_AGE_HOUR|1|75+|4,TRIAGE_AGE_HOUR,1,75+,4,1,4.0,4.0,4.0,3388.0,3388.0,3388.0,1.0
TRIAGE_AGE_HOUR|1|75+|5,TRIAGE_AGE_HOUR,1,75+,5,1,19.0,19.0,19.0,157.0,157.0,157.0,0.0
TRIAGE_AGE_HOUR|1|75+|6,TRIAGE_AGE_HOUR,1,75+,6,2,22.0,22.0,22.0,882.0,882.0,1271.0,0.5
TRIAGE_AGE_HOUR|1|75+|7,TRIAGE_AGE_HOUR,1,75+,7,1,11.0,11.0,11.0,92.0,92.0,92.0,0.0
TRIAGE_AGE_HOUR|1|75+|8,TRIAGE_AGE_HOUR,1,75+,8,1,9.0,9.0,9.0,295.0,295.0,295.0,0.0
TRIAGE_AGE_HOUR|1|75+|9,TRIAGE_AGE_HOUR,1,75+,9,3,21.0,21.0,35.0,204.5,204.5,224.0,0.333333
TRIAGE_AGE_HOUR|2|0-17|0,TRIAGE_AGE_HOUR,2,0-17,0,4,33.33,7.0,91.0,261.75,226.5,441.0,0.25
TRIAGE_AGE_HOUR|2|0-17|1,TRIAGE_AGE_HOUR,2,0-17,1,6,15.0,12.5,13.0,314.5,206.0,306.0,0.333333
TRIAGE_AGE_HOUR|2|0-17|10,TRIAGE_AGE_HOUR,2,0-17,10,5,63.75,55.0,130.0,193.2,137.0,383.0,0.2
TRIAGE_AGE_HOUR|2|0-17|11,TRIAGE_AGE_HOUR,2,0-17,11,15,30.55,17.0,56.0,309.27,264.0,428.0,0.0
TRIAGE_AGE_HOUR|2|0-17|12,TRIAGE_AGE_HOUR,2,0-17,12,8,50.0,30.0,68.0,299.25,268.5,418.0,0.125
TRIAGE_AGE_HOUR|2|0-17|13,TRIAGE_AGE_HOUR,2,0-17,13,13,22.36,20.0,38.0,245.15,273.0,437.0,0.076923
TRIAGE_AGE_HOUR|2|0-17|14,TRIAGE_AGE_HOUR,2,0-17,14,7,14.57,13.0,28.0,230.71,167.0,358.0,0.142857
TRIAGE_AGE_HOUR|2|0-17|15,TRIAGE_AGE_HOUR,2,0-17,15,10,38.12,21.5,99.0,222.5,199.0,371.0,0.3
TRIAGE_AGE_HOUR|2|0-17|16,TRIAGE_AGE_HOUR,2,0-17,16,12,25.08,18.5,67.0,798.83,241.0,2743.0,0.25
TRIAGE_AGE_HOUR|2|0-17|17,TRIAGE_AGE_HOUR,2,0-17,17,18,39.07,27.0,95.0,491.76,288.0,403.0,0.166667
TRIAGE_AGE_HOUR|2|0-17|18,TRIAGE_AGE_HOUR,2,0-17,18,11,50.56,49.0,84.0,298.91,192.0,391.0,0.090909
TRIAGE_AGE_HOUR|2|0-17|19,TRIAGE_AGE_HOUR,2,0-17,19,17,10.73,7.0,25.0,278.12,189.5,499.0,0.117647
TRIAGE_AGE_HOUR|2|0-17|2,TRIAGE_AGE_HOUR,2,0-17,2,2,19.0,19.0,19.0,592.5,592.5,734.0,0.5
TRIAGE_AGE_HOUR|2|0-17|20,TRIAGE_AGE_HOUR,2,0-17,20,9,28.14,19.0,51.0,481.0,372.0,835.0,0.444444
TRIAGE_AGE_HOUR|2|0-17|21,TRIAGE_AGE_HOUR,2,0-17,21,11,38.6,16.0,108.0,253.36,210.0,323.0,0.181818
TRIAGE_AGE_HOUR|2|0-17|22,TRIAGE_AGE_HOUR,2,0-17,22,9,30.86,30.0,31.0,395.0,237.0,832.0,0.222222
TRIAGE_AGE_HOUR|2|0-17|23,TRIAGE_AGE_HOUR,2,0-17,23,7,53.0,22.0,207.0,210.17,222.0,253.0,0.285714
TRIAGE_AGE_HOUR|2|0-17|3,TRIAGE_AGE_HOUR,2,0-17,3,7,21.6,15.0,70.0,410.14,365.0,718.0,0.428571
TRIAGE_AGE_HOUR|2|0-17|4,TRIAGE_AGE_HOUR,2,0-17,4,1,21.0,21.0,21.0,1163.0,1163.0,1163.0,1.0
TRIAGE_AGE_HOUR|2|0-17|5,TRIAGE_AGE_HOUR,2,0-17,5,3,16.0,16.0,17.0,327.0,244.0,540.0,0.333333
TRIAGE_AGE_HOUR|2|0-17|6,TRIAGE_AGE_HOUR,2,0-17,6,3,13.5,13.5,15.0,410.0,268.0,874.0,0.666667
TRIAGE_AGE_HOUR|2|0-17|7,TRIAGE_AGE_HOUR,2,0-17,7,6,9.2,8.0,24.0,307.0,359.0,411.0,0.333333
TRIAGE_AGE_HOUR|2|0-17|8,TRIAGE_AGE_HOUR,2,0-17,8,6,19.75,17.0,36.0,229.17,222.5,279.0,0.0
TRIAGE_AGE_HOUR|2|0-17|9,TRIAGE_AGE_HOUR,2,0-17,9,9,16.44,12.0,37.0,511.67,378.0,739.0,0.222222
TRIAGE_AGE_HOUR|2|0-17|ALL,TRIAGE_AGE_HOUR,2,0-17,ALL,2,,,,,,,0.5
TRIAGE_AGE_HOUR|2|18-44|0,TRIAGE_AGE_HOUR,2,18-44,0,13,15.38,6.5,40.0,280.69,234.0,639.0,0.153846
TRIAGE_AGE_HOUR|2|18-44|1,TRIAGE_AGE_HOUR,2,18-44,1,12,43.82,31.0,64.0,352.91,293.0,619.0,0.25
TRIAGE_AGE_HOUR|2|18-44|10,TRIAGE_AGE_HOUR,2,18-44,10,21,50.59,16.0,59.0,611.26,433.0,1350.0,0.190476
TRIAGE_AGE_HOUR|2|18-44|11,TRIAGE_AGE_HOUR,2,18-44,11,20,34.94,12.0,50.0,446.15,299.5,676.0,0.15
TRIAGE_AGE_HOUR|2|18-44|12,TRIAGE_AGE_HOUR,2,18-44,12,28,32.57,18.0,75.0,347.11,210.0,617.0,0.178571
TRIAGE_AGE_HOUR|2|18-44|13,TRIAGE_AGE_HOUR,2,18-44,13,21,15.06,11.0,25.0,551.76,394.0,992.0,0.190476
TRIAGE_AGE_HOUR|2|18-44|14,TRIAGE_AGE_HOUR,2,18-44,14,20,48.7,8.5,158.0,324.05,249.0,515.0,0.05
TRIAGE_AGE_HOUR|2|18-44|15,TRIAGE_AGE_HOUR,2,18-44,15,33,22.93,16.0,43.0,517.44,279.5,990.0,0.424242
TRIAGE_AGE_HOUR|2|18-44|16,TRIAGE_AGE_HOUR,2,18-44,16,24,19.4,11.5,40.0,377.91,299.0,740.0,0.25
TRIAGE_AGE_HOUR|2|18-44|17,TRIAGE_AGE_HOUR,2,18-44,17,29,36.04,11.0,64.0,456.48,221.0,1149.0,0.137931
TRIAGE_AGE_HOUR|2|18-44|18,TRIAGE_AGE_HOUR,2,18-44,18,31,25.44,14.0,42.0,509.74,264.0,1064.0,0.129032
TRIAGE_AGE_HOUR|2|18-44|19,TRIAGE_AGE_HOUR,2,18-44,19,26,26.21,11.0,83.0,597.84,332.0,1334.0,0.115385
TRIAGE_AGE_HOUR|2|18-44|2,TRIAGE_AGE_HOUR,2,18-44,2,13,14.11,11.0,28.0,421.42,196.0,1068.0,0.076923
TRIAGE_AGE_HOUR|2|18-44|20,TRIAGE_AGE_HOUR,2,18-44,20,26,36.89,14.0,111.0,666.15,216.0,1573.0,0.076923
TRIAGE_AGE_HOUR|2|18-44|21,TRIAGE_AGE_HOUR,2,18-44,21,30,31.92,10.5,82.0,319.97,229.0,626.0,0.266667
TRIAGE_AGE_HOUR|2|18-44|22,TRIAGE_AGE_HOUR,2,18-44,22,17,15.86,6.5,50.0,391.56,336.0,828.0,0.176471
TRIAGE_AGE_HOUR|2|18-44|23,TRIAGE_AGE_HOUR,2,18-44,23,10,11.14,11.0,15.0,388.22,225.0,759.0,0.3
TRIAGE_AGE_HOUR|2|18-44|3,TRIAGE_AGE_HOUR,2,18-44,3,10,8.56,5.0,10.0,630.3,486.0,724.0,0.0
TRIAGE_AGE_HOUR|2|18-44|4,TRIAGE_AGE_HOUR,2,18-44,4,8,45.57,5.0,38.0,632.43,341.0,797.0,0.25
TRIAGE_AGE_HOUR|2|18-44|5,TRIAGE_AGE_HOUR,2,18-44,5,6,18.2,7.0,43.0,1150.83,481.0,1004.0,0.0
TRIAGE_AGE_HOUR|2|18-44|6,TRIAGE_AGE_HOUR,2,18-44,6,12,14.8,4.0,47.0,528.33,334.5,1153.0,0.25
TRIAGE_AGE_HOUR|2|18-44|7,TRIAGE_AGE_HOUR,2,18-44,7,8,105.0,14.5,56.0,330.62,216.0,653.0,0.125
TRIAGE_AGE_HOUR|2|18-44|8,TRIAGE_AGE_HOUR,2,18-44,8,19,15.93,7.5,46.0,315.53,291.0,610.0,0.210526
TRIAGE_AGE_HOUR|2|18-44|9,TRIAGE_AGE_HOUR,2,18-44,9,12,15.09,15.0,24.0,501.33,274.5,596.0,0.083333
TRIAGE_AGE_HOUR|2|18-44|ALL,TRIAGE_AGE_HOUR,2,18-44,ALL,3,,,,,,,0.0
TRIAGE_AGE_HOUR|2|45-64|0,TRIAGE_AGE_HOUR,2,45-64,0,10,18.75,6.5,12.0,539.5,333.5,714.0,0.2
TRIAGE_AGE_HOUR|2|45-64|1,TRIAGE_AGE_HOUR,2,45-64,1,11,93.38,33.0,97.0,426.09,197.0,835.0,0.272727
TRIAGE_AGE_HOUR|2|45-64|10,TRIAGE_AGE_HOUR,2,45-64,10,23,25.1,14.0,58.0,1077.14,583.0,1934.0,0.478261
TRIAGE_AGE_HOUR|2|45-64|11,TRIAGE_AGE_HOUR,2,45-64,11,35,29.96,18.0,65.0,481.06,306.0,1182.0,0.342857
TRIAGE_AGE_HOUR|2|45-64|12,TRIAGE_AGE_HOUR,2,45-64,12,33,29.43,15.5,89.0,531.03,400.0,1015.0,0.484848
TRIAGE_AGE_HOUR|2|45-64|13,TRIAGE_AGE_HOUR,2,45-64,13,27,16.62,7.5,52.0,408.77,298.5,500.0,0.37037
TRIAGE_AGE_HOUR|2|45-64|14,TRIAGE_AGE_HOUR,2,45-64,14,35,48.12,16.0,105.0,500.85,392.5,1119.0,0.457143
TRIAGE_AGE_HOUR|2|45-64|15,TRIAGE_AGE_HOUR,2,45-64,15,21,24.74,15.0,37.0,554.71,295.0,503.0,0.333333
TRIAGE_AGE_HOUR|2|45-64|16,TRIAGE_AGE_HOUR,2,45-64,16,17,31.94,15.5,74.0,356.38,258.5,741.0,0.470588
TRIAGE_AGE_HOUR|2|45-64|17,TRIAGE_AGE_HOUR,2,45-64,17,23,26.3,13.5,64.0,576.27,324.5,1333.0,0.434783
TRIAGE_AGE_HOUR|2|45-64|18,TRIAGE_AGE_HOUR,2,45-64,18,27,15.92,11.0,33.0,638.92,339.0,1543.0,0.407407
TRIAGE_AGE_HOUR|2|45-64|19,TRIAGE_AGE_HOUR,2,45-64,19,21,48.06,25.5,89.0,360.67,208.0,836.0,0.428571
TRIAGE_AGE_HOUR|2|45-64|2,TRIAGE_AGE_HOUR,2,45-64,2,7,5.75,4.5,14.0,380.29,188.0,559.0,0.142857
TRIAGE_AGE_HOUR|2|45-64|20,TRIAGE_AGE_HOUR,2,45-64,20,14,34.08,6.0,69.0,771.86,301.5,1140.0,0.428571
TRIAGE_AGE_HOUR|2|45-64|21,TRIAGE_AGE_HOUR,2,45-64,21,19,19.44,11.0,62.0,392.79,217.0,715.0,0.368421
TRIAGE_AGE_HOUR|2|45-64|22,TRIAGE_AGE_HOUR,2,45-64,22,13,11.8,4.0,31.0,570.58,285.0,897.0,0.538462
TRIAGE_AGE_HOUR|2|45-64|23,TRIAGE_AGE_HOUR,2,45-64,23,19,27.47,12.0,56.0,484.63,317.0,726.0,0.315789
TRIAGE_AGE_HOUR|2|45-64|3,TRIAGE_AGE_HOUR,2,45-64,3,12,89.82,28.0,65.0,491.42,353.0,1108.0,0.5
TRIAGE_AGE_HOUR|2|45-64|4,TRIAGE_AGE_HOUR,2,45-64,4,7,24.8,17.0,63.0,317.14,169.0,567.0,0.428571
TRIAGE_AGE_HOUR|2|45-64|5,TRIAGE_AGE_HOUR,2,45-64,5,7,2.5,1.0,4.0,1127.33,249.0,2929.0,0.428571
TRIAGE_AGE_HOUR|2|45-64|6,TRIAGE_AGE_HOUR,2,45-64,6,9,20.62,9.5,28.0,770.22,435.0,1973.0,0.222222
TRIAGE_AGE_HOUR|2|45-64|7,TRIAGE_AGE_HOUR,2,45-64,7,13,19.82,14.0,47.0,542.31,351.0,1326.0,0.384615
TRIAGE_AGE_HOUR|2|45-64|8,TRIAGE_AGE_HOUR,2,45-64,8,23,10.05,6.0,24.0,245.59,205.5,341.0,0.434783
TRIAGE_AGE_HOUR|2|45-64|9,TRIAGE_AGE_HOUR,2,45-64,9,21,32.2,9.0,131.0,294.76,260.0,484.0,0.52381
TRIAGE_AGE_HOUR|2|45-64|ALL,TRIAGE_AGE_HOUR,2,45-64,ALL,3,,,,,,,0.666667
TRIAGE_AGE_HOUR|2|65-74|0,TRIAGE_AGE_HOUR,2,65-74,0,4,33.25,3.5,126.0,406.5,286.0,992.0,0.5
TRIAGE_AGE_HOUR|2|65-74|1,TRIAGE_AGE_HOUR,2,65-74,1,3,5.5,5.5,8.0,490.33,598.0,755.0,0.666667
TRIAGE_AGE_HOUR|2|65-74|10,TRIAGE_AGE_HOUR,2,65-74,10,14,43.55,10.0,125.0,399.08,303.0,828.0,0.5
TRIAGE_AGE_HOUR|2|65-74|11,TRIAGE_AGE_HOUR,2,65-74,11,20,56.05,10.0,61.0,539.15,379.5,982.0,0.55
TRIAGE_AGE_HOUR|2|65-74|12,TRIAGE_AGE_HOUR,2,65-74,12,19,18.59,10.0,42.0,553.11,275.0,1085.0,0.315789
TRIAGE_AGE_HOUR|2|65-74|13,TRIAGE_AGE_HOUR,2,65-74,13,20,34.05,27.0,71.0,450.55,285.0,671.0,0.4
TRIAGE_AGE_HOUR|2|65-74|14,TRIAGE_AGE_HOUR,2,65-74,14,17,21.67,16.0,55.0,320.47,186.0,456.0,0.470588
TRIAGE_AGE_HOUR|2|65-74|15,TRIAGE_AGE_HOUR,2,65-74,15,16,22.0,12.0,70.0,268.93,256.0,431.0,0.375
TRIAGE_AGE_HOUR|2|65-74|16,TRIAGE_AGE_HOUR,2,65-74,16,25,27.29,16.0,50.0,361.79,256.5,671.0,0.44
TRIAGE_AGE_HOUR|2|65-74|17,TRIAGE_AGE_HOUR,2,65-74,17,12,47.64,19.0,139.0,355.17,294.0,596.0,0.583333
TRIAGE_AGE_HOUR|2|65-74|18,TRIAGE_AGE_HOUR,2,65-74,18,14,23.0,12.0,47.0,341.57,184.5,800.0,0.285714
TRIAGE_AGE_HOUR|2|65-74|19,TRIAGE_AGE_HOUR,2,65-74,19,9,55.56,8.0,72.0,928.67,531.0,2023.0,0.777778
TRIAGE_AGE_HOUR|2|65-74|2,TRIAGE_AGE_HOUR,2,65-74,2,2,5.0,5.0,5.0,252.0,252.0,406.0,0.0
TRIAGE_AGE_HOUR|2|65-74|20,TRIAGE_AGE_HOUR,2,65-74,20,10,21.71,18.0,38.0,253.3,190.5,312.0,0.3
TRIAGE_AGE_HOUR|2|65-74|21,TRIAGE_AGE_HOUR,2,65-74,21,8,27.12,3.0,21.0,513.38,437.0,889.0,0.25
TRIAGE_AGE_HOUR|2|65-74|22,TRIAGE_AGE_HOUR,2,65-74,22,10,18.75,12.0,39.0,511.9,307.0,563.0,0.5
TRIAGE_AGE_HOUR|2|65-74|23,TRIAGE_AGE_HOUR,2,65-74,23,5,20.6,18.0,47.0,886.6,692.0,2194.0,0.8
TRIAGE_AGE_HOUR|2|65-74|3,TRIAGE_AGE_HOUR,2,65-74,3,3,4.67,5.0,6.0,735.33,884.0,992.0,0.333333
TRIAGE_AGE_HOUR|2|65-74|4,TRIAGE_AGE_HOUR,2,65-74,4,2,2.5,2.5,4.0,348.0,348.0,594.0,0.5
TRIAGE_AGE_HOUR|2|65-74|5,TRIAGE_AGE_HOUR,2,65-74,5,4,16.75,7.0,47.0,850.75,585.0,2038.0,0.0
TRIAGE_AGE_HOUR|2|65-74|6,TRIAGE_AGE_HOUR,2,65-74,6,9,17.67,5.0,45.0,596.11,290.0,1513.0,0.555556
TRIAGE_AGE_HOUR|2|65-74|7,TRIAGE_AGE_HOUR,2,65-74,7,8,13.71,12.0,25.0,385.38,333.0,602.0,0.5
TRIAGE_AGE_HOUR|2|65-74|8,TRIAGE_AGE_HOUR,2,65-74,8,8,17.5,8.0,16.0,292.0,212.0,469.0,0.375
TRIAGE_AGE_HOUR|2|65-74|9,TRIAGE_AGE_HOUR,2,65-74,9,10,24.8,12.5,44.0,448.0,303.0,409.0,0.2
TRIAGE_AGE_HOUR|2|65-74|ALL,TRIAGE_AGE_HOUR,2,65-74,ALL,3,,,,,,,0.333333
TRIAGE_AGE_HOUR|2|75+|0,TRIAGE_AGE_HOUR,2,75+,0,2,6.5,6.5,12.0,393.5,393.5,395.0,0.5
TRIAGE_AGE_HOUR|2|75+|1,TRIAGE_AGE_HOUR,2,75+,1,4,66.5,45.5,173.0,546.0,371.0,968.0,0.5
TRIAGE_AGE_HOUR|2|75+|10,TRIAGE_AGE_HOUR,2,75+,10,19,11.29,7.0,29.0,587.0,335.0,1259.0,0.526316
TRIAGE_AGE_HOUR|2|75+|11,TRIAGE_AGE_HOUR,2,75+,11,14,40.23,22.0,99.0,505.36,433.5,1020.0,0.714286
TRIAGE_AGE_HOUR|2|75+|12,TRIAGE_AGE_HOUR,2,75+,12,13,14.69,5.0,48.0,467.31,437.0,701.0,0.692308
TRIAGE_AGE_HOUR|2|75+|13,TRIAGE_AGE_HOUR,2,75+,13,14,51.82,20.0,94.0,314.43,227.0,649.0,0.571429
TRIAGE_AGE_HOUR|2|75+|14,TRIAGE_AGE_HOUR,2,75+,14,15,39.64,7.0,74.0,747.07,421.5,1537.0,0.4
TRIAGE_AGE_HOUR|2|75+|15,TRIAGE_AGE_HOUR,2,75+,15,14,12.15,6.0,33.0,270.64,217.5,374.0,0.5
TRIAGE_AGE_HOUR|2|75+|16,TRIAGE_AGE_HOUR,2,75+,16,18,32.2,9.0,29.0,481.67,226.5,427.0,0.388889
TRIAGE_AGE_HOUR|2|75+|17,TRIAGE_AGE_HOUR,2,75+,17,15,25.27,14.0,50.0,399.73,282.0,1203.0,0.333333
TRIAGE_AGE_HOUR|2|75+|18,TRIAGE_AGE_HOUR,2,75+,18,19,19.36,9.0,54.0,643.26,511.0,1246.0,0.684211
TRIAGE_AGE_HOUR|2|75+|19,TRIAGE_AGE_HOUR,2,75+,19,12,12.56,10.0,20.0,413.67,316.0,585.0,0.5
TRIAGE_AGE_HOUR|2|75+|2,TRIAGE_AGE_HOUR,2,75+,2,5,14.2,21.0,21.0,374.2,194.0,810.0,0.2
TRIAGE_AGE_HOUR|2|75+|20,TRIAGE_AGE_HOUR,2,75+,20,11,31.9,22.0,56.0,396.36,288.0,767.0,0.818182
TRIAGE_AGE_HOUR|2|75+|21,TRIAGE_AGE_HOUR,2,75+,21,5,32.8,16.0,117.0,913.6,514.0,2483.0,0.4
TRIAGE_AGE_HOUR|2|75+|22,TRIAGE_AGE_HOUR,2,75+,22,13,23.9,6.0,73.0,300.46,300.0,612.0,0.307692
TRIAGE_AGE_HOUR|2|75+|23,TRIAGE_AGE_HOUR,2,75+,23,3,57.0,12.0,149.0,607.33,340.0,1350.0,1.0
TRIAGE_AGE_HOUR|2|75+|3,TRIAGE_AGE_HOUR,2,75+,3,2,0.5,0.5,1.0,712.5,712.5,1110.0,1.0
TRIAGE_AGE_HOUR|2|75+|4,TRIAGE_AGE_HOUR,2,75+,4,4,6.5,4.5,17.0,296.0,244.0,619.0,0.5
TRIAGE_AGE_HOUR|2|75+|5,TRIAGE_AGE_HOUR,2,75+,5,2,24.5,24.5,37.0,249.5,249.5,409.0,0.5
TRIAGE_AGE_HOUR|2|75+|6,TRIAGE_AGE_HOUR,2,75+,6,6,12.0,6.5,21.0,1008.5,411.0,963.0,0.666667
TRIAGE_AGE_HOUR|2|75+|7,TRIAGE_AGE_HOUR,2,75+,7,6,3.83,3.0,7.0,518.0,400.0,517.0,0.166667
TRIAGE_AGE_HOUR|2|75+|8,TRIAGE_AGE_HOUR,2,75+,8,8,21.12,4.0,22.0,643.43,393.0,1093.0,0.375
TRIAGE_AGE_HOUR|2|75+|9,TRIAGE_AGE_HOUR,2,75+,9,13,9.5,7.0,24.0,423.92,268.0,690.0,0.615385
TRIAGE_AGE_HOUR|3|0-17|0,TRIAGE_AGE_HOUR,3,0-17,0,22,97.74,16.0,306.0,233.14,146.0,477.0,0.090909
TRIAGE_AGE_HOUR|3|0-17|1,TRIAGE_AGE_HOUR,3,0-17,1,15,49.92,14.0,120.0,216.43,165.5,396.0,0.066667
TRIAGE_AGE_HOUR|3|0-17|10,TRIAGE_AGE_HOUR,3,0-17,10,43,29.53,22.5,50.0,195.77,162.0,317.0,0.023256
TRIAGE_AGE_HOUR|3|0-17|11,TRIAGE_AGE_HOUR,3,0-17,11,35,25.51,10.0,70.0,172.46,152.0,282.0,0.028571
TRIAGE_AGE_HOUR|3|0-17|12,TRIAGE_AGE_HOUR,3,0-17,12,39,34.24,24.5,73.0,214.82,184.0,356.0,0.051282
TRIAGE_AGE_HOUR|3|0-17|13,TRIAGE_AGE_HOUR,3,0-17,13,53,35.17,24.5,79.0,210.77,199.0,356.0,0.0
TRIAGE_AGE_HOUR|3|0-17|14,TRIAGE_AGE_HOUR,3,0-17,14,45,38.03,12.0,114.0,256.64,230.0,460.0,0.022222
TRIAGE_AGE_HOUR|3|0-17|15,TRIAGE_AGE_HOUR,3,0-17,15,35,46.52,25.0,93.0,344.18,222.5,372.0,0.085714
TRIAGE_AGE_HOUR|3|0-17|16,TRIAGE_AGE_HOUR,3,0-17,16,47,55.4,16.5,171.0,219.27,180.0,342.0,0.021277
TRIAGE_AGE_HOUR|3|0-17|17,TRIAGE_AGE_HOUR,3,0-17,17,52,55.55,21.0,167.0,273.29,198.0,464.0,0.057692
TRIAGE_AGE_HOUR|3|0-17|18,TRIAGE_AGE_HOUR,3,0-17,18,49,44.65,20.5,110.0,317.77,159.0,431.0,0.020408
TRIAGE_AGE_HOUR|3|0-17|19,TRIAGE_AGE_HOUR,3,0-17,19,64,36.09,18.0,78.0,180.34,142.5,363.0,0.0625
TRIAGE_AGE_HOUR|3|0-17|2,TRIAGE_AGE_HOUR,3,0-17,2,20,47.18,17.0,65.0,245.25,167.5,537.0,0.1
TRIAGE_AGE_HOUR|3|0-17|20,TRIAGE_AGE_HOUR,3,0-17,20,53,25.98,16.0,52.0,234.43,175.0,395.0,0.075472
TRIAGE_AGE_HOUR|3|0-17|21,TRIAGE_AGE_HOUR,3,0-17,21,53,51.89,18.0,151.0,247.49,213.0,418.0,0.09434
TRIAGE_AGE_HOUR|3|0-17|22,TRIAGE_AGE_HOUR,3,0-17,22,48,33.69,18.5,64.0,270.74,202.0,478.0,0.083333
TRIAGE_AGE_HOUR|3|0-17|23,TRIAGE_AGE_HOUR,3,0-17,23,43,45.36,13.0,76.0,217.98,155.0,326.0,0.069767
TRIAGE_AGE_HOUR|3|0-17|3,TRIAGE_AGE_HOUR,3,0-17,3,8,82.17,19.0,155.0,190.38,135.5,332.0,0.0
TRIAGE_AGE_HOUR|3|0-17|4,TRIAGE_AGE_HOUR,3,0-17,4,12,61.78,19.0,60.0,349.33,149.0,863.0,0.166667
TRIAGE_AGE_HOUR|3|0-17|5,TRIAGE_AGE_HOUR,3,0-17,5,10,15.56,11.0,33.0,192.1,93.0,360.0,0.1
TRIAGE_AGE_HOUR|3|0-17|6,TRIAGE_AGE_HOUR,3,0-17,6,17,22.5,16.0,56.0,226.81,223.5,425.0,0.0
TRIAGE_AGE_HOUR|3|0-17|7,TRIAGE_AGE_HOUR,3,0-17,7,14,16.46,12.0,40.0,232.86,184.0,432.0,0.0
TRIAGE_AGE_HOUR|3|0-17|8,TRIAGE_AGE_HOUR,3,0-17,8,26,18.5,10.0,28.0,214.44,163.0,386.0,0.076923
TRIAGE_AGE_HOUR|3|0-17|9,TRIAGE_AGE_HOUR,3,0-17,9,38,27.39,16.0,79.0,261.76,164.0,457.0,0.052632
TRIAGE_AGE_HOUR|3|0-17|ALL,TRIAGE_AGE_HOUR,3,0-17,ALL,6,,,,,,,0.166667
TRIAGE_AGE_HOUR|3|18-44|0,TRIAGE_AGE_HOUR,3,18-44,0,51,38.12,16.0,133.0,267.76,194.0,398.0,0.098039
TRIAGE_AGE_HOUR|3|18-44|1,TRIAGE_AGE_HOUR,3,18-44,1,37,44.32,9.0,57.0,322.84,252.0,662.0,0.081081
TRIAGE_AGE_HOUR|3|18-44|10,TRIAGE_AGE_HOUR,3,18-44,10,133,34.94,16.0,75.0,290.36,212.0,514.0,0.06015
TRIAGE_AGE_HOUR|3|18-44|11,TRIAGE_AGE_HOUR,3,18-44,11,107,35.58,21.0,87.0,282.72,198.0,452.0,0.084112
TRIAGE_AGE_HOUR|3|18-44|12,TRIAGE_AGE_HOUR,3,18-44,12,98,36.46,16.5,79.0,298.82,269.0,528.0,0.071429
TRIAGE_AGE_HOUR|3|18-44|13,TRIAGE_AGE_HOUR,3,18-44,13,103,33.42,13.5,102.0,234.19,210.0,373.0,0.038835
TRIAGE_AGE_HOUR|3|18-44|14,TRIAGE_AGE_HOUR,3,18-44,14,93,45.64,15.0,96.0,270.54,228.0,417.0,0.096774
TRIAGE_AGE_HOUR|3|18-44|15,TRIAGE_AGE_HOUR,3,18-44,15,88,40.33,19.0,97.0,278.99,230.0,493.0,0.068182
TRIAGE_AGE_HOUR|3|18-44|16,TRIAGE_AGE_HOUR,3,18-44,16,98,50.77,22.0,156.0,323.28,217.5,592.0,0.071429
TRIAGE_AGE_HOUR|3|18-44|17,TRIAGE_AGE_HOUR,3,18-44,17,108,41.33,16.0,101.0,279.15,206.5,448.0,0.046296
TRIAGE_AGE_HOUR|3|18-44|18,TRIAGE_AGE_HOUR,3,18-44,18,105,45.21,25.0,124.0,256.95,218.0,382.0,0.085714
TRIAGE_AGE_HOUR|3|18-44|19,TRIAGE_AGE_HOUR,3,18-44,19,86,51.06,16.0,125.0,367.34,210.0,579.0,0.093023
TRIAGE_AGE_HOUR|3|18-44|2,TRIAGE_AGE_HOUR,3,18-44,2,35,56.29,13.0,75.0,312.09,205.5,715.0,0.085714
TRIAGE_AGE_HOUR|3|18-44|20,TRIAGE_AGE_HOUR,3,18-44,20,120,44.2,27.0,103.0,338.83,222.0,555.0,0.083333
TRIAGE_AGE_HOUR|3|18-44|21,TRIAGE_AGE_HOUR,3,18-44,21,85,42.14,19.0,80.0,249.37,201.0,490.0,0.047059
TRIAGE_AGE_HOUR|3|18-44|22,TRIAGE_AGE_HOUR,3,18-44,22,77,42.31,15.0,120.0,303.28,222.5,604.0,0.116883
TRIAGE_AGE_HOUR|3|18-44|23,TRIAGE_AGE_HOUR,3,18-44,23,77,38.78,13.0,78.0,357.77,244.0,493.0,0.025974
TRIAGE_AGE_HOUR|3|18-44|3,TRIAGE_AGE_HOUR,3,18-44,3,41,44.22,9.0,168.0,281.2,237.0,537.0,0.073171
TRIAGE_AGE_HOUR|3|18-44|4,TRIAGE_AGE_HOUR,3,18-44,4,46,26.97,10.0,70.0,245.78,175.0,542.0,0.108696
TRIAGE_AGE_HOUR|3|18-44|5,TRIAGE_AGE_HOUR,3,18-44,5,31,20.79,8.0,62.0,265.9,204.0,428.0,0.096774
TRIAGE_AGE_HOUR|3|18-44|6,TRIAGE_AGE_HOUR,3,18-44,6,41,11.29,8.0,23.0,330.39,234.0,542.0,0.04878
TRIAGE_AGE_HOUR|3|18-44|7,TRIAGE_AGE_HOUR,3,18-44,7,50,25.67,13.0,88.0,299.78,209.0,584.0,0.08
TRIAGE_AGE_HOUR|3|18-44|8,TRIAGE_AGE_HOUR,3,18-44,8,76,20.16,10.0,43.0,256.92,183.0,470.0,0.065789
TRIAGE_AGE_HOUR|3|18-44|9,TRIAGE_AGE_HOUR,3,18-44,9,88,22.96,12.0,67.0,276.2,211.0,593.0,0.090909
TRIAGE_AGE_HOUR|3|18-44|ALL,TRIAGE_AGE_HOUR,3,18-44,ALL,16,,,,,,,0.1875
TRIAGE_AGE_HOUR|3|45-64|0,TRIAGE_AGE_HOUR,3,45-64,0,32,36.67,20.5,91.0,452.1,277.0,1067.0,0.21875
TRIAGE_AGE_HOUR|3|45-64|1,TRIAGE_AGE_HOUR,3,45-64,1,36,40.53,12.0,78.0,394.14,258.0,1057.0,0.166667
TRIAGE_AGE_HOUR|3|45-64|10,TRIAGE_AGE_HOUR,3,45-64,10,86,36.78,15.5,81.0,338.24,258.0,577.0,0.186047
TRIAGE_AGE_HOUR|3|45-64|11,TRIAGE_AGE_HOUR,3,45-64,11,99,37.09,13.5,71.0,347.56,260.0,641.0,0.161616
TRIAGE_AGE_HOUR|3|45-64|12,TRIAGE_AGE_HOUR,3,45-64,12,94,59.71,15.5,174.0,411.96,286.0,630.0,0.180851
TRIAGE_AGE_HOUR|3|45-64|13,TRIAGE_AGE_HOUR,3,45-64,13,89,33.31,17.0,102.0,316.7,205.0,552.0,0.078652
TRIAGE_AGE_HOUR|3|45-64|14,TRIAGE_AGE_HOUR,3,45-64,14,79,27.77,17.0,83.0,326.08,222.0,622.0,0.113924
TRIAGE_AGE_HOUR|3|45-64|15,TRIAGE_AGE_HOUR,3,45-64,15,83,34.9,14.0,91.0,409.51,290.0,811.0,0.216867
TRIAGE_AGE_HOUR|3|45-64|16,TRIAGE_AGE_HOUR,3,45-64,16,82,46.61,15.0,81.0,408.05,268.0,845.0,0.219512
TRIAGE_AGE_HOUR|3|45-64|17,TRIAGE_AGE_HOUR,3,45-64,17,75,28.27,12.5,74.0,310.88,257.0,481.0,0.106667
TRIAGE_AGE_HOUR|3|45-64|18,TRIAGE_AGE_HOUR,3,45-64,18,72,42.51,15.0,124.0,305.24,205.0,652.0,0.180556
TRIAGE_AGE_HOUR|3|45-64|19,TRIAGE_AGE_HOUR,3,45-64,19,67,35.03,11.5,68.0,318.81,254.5,627.0,0.179104
TRIAGE_AGE_HOUR|3|45-64|2,TRIAGE_AGE_HOUR,3,45-64,2,27,19.35,10.0,35.0,498.04,297.0,915.0,0.222222
TRIAGE_AGE_HOUR|3|45-64|20,TRIAGE_AGE_HOUR,3,45-64,20,53,31.1,13.5,98.0,368.42,237.0,652.0,0.075472
TRIAGE_AGE_HOUR|3|45-64|21,TRIAGE_AGE_HOUR,3,45-64,21,52,62.95,19.0,172.0,344.46,249.5,651.0,0.173077
TRIAGE_AGE_HOUR|3|45-64|22,TRIAGE_AGE_HOUR,3,45-64,22,50,45.24,18.0,119.0,402.22,319.0,793.0,0.14
TRIAGE_AGE_HOUR|3|45-64|23,TRIAGE_AGE_HOUR,3,45-64,23,33,67.6,26.0,124.0,376.73,253.0,880.0,0.121212
TRIAGE_AGE_HOUR|3|45-64|3,TRIAGE_AGE_HOUR,3,45-64,3,20,42.05,8.0,60.0,294.16,207.0,641.0,0.05
TRIAGE_AGE_HOUR|3|45-64|4,TRIAGE_AGE_HOUR,3,45-64,4,16,38.85,32.0,91.0,443.62,242.0,974.0,0.125
TRIAGE_AGE_HOUR|3|45-64|5,TRIAGE_AGE_HOUR,3,45-64,5,15,33.5,15.0,109.0,229.93,189.0,488.0,0.066667
TRIAGE_AGE_HOUR|3|45-64|6,TRIAGE_AGE_HOUR,3,45-64,6,42,20.82,13.0,45.0,367.48,272.0,665.0,0.214286
TRIAGE_AGE_HOUR|3|45-64|7,TRIAGE_AGE_HOUR,3,45-64,7,36,50.77,14.0,91.0,511.91,273.0,993.0,0.111111
TRIAGE_AGE_HOUR|3|45-64|8,TRIAGE_AGE_HOUR,3,45-64,8,46,27.34,13.0,94.0,256.96,217.0,404.0,0.065217
TRIAGE_AGE_HOUR|3|45-64|9,TRIAGE_AGE_HOUR,3,45-64,9,73,37.84,11.0,86.0,298.89,248.5,524.0,0.191781
TRIAGE_AGE_HOUR|3|45-64|ALL,TRIAGE_AGE_HOUR,3,45-64,ALL,10,,,,,,,0.1
TRIAGE_AGE_HOUR|3|65-74|0,TRIAGE_AGE_HOUR,3,65-74,0,14,64.29,6.0,41.0,494.43,434.0,844.0,0.357143
TRIAGE_AGE_HOUR|3|65-74|1,TRIAGE_AGE_HOUR,3,65-74,1,9,21.14,18.0,38.0,303.0,215.0,375.0,0.111111
TRIAGE_AGE_HOUR|3|65-74|10,TRIAGE_AGE_HOUR,3,65-74,10,52,24.49,12.0,51.0,274.73,222.0,560.0,0.211538
TRIAGE_AGE_HOUR|3|65-74|11,TRIAGE_AGE_HOUR,3,65-74,11,57,46.67,23.5,110.0,456.45,296.0,1146.0,0.22807
TRIAGE_AGE_HOUR|3|65-74|12,TRIAGE_AGE_HOUR,3,65-74,12,46,40.55,16.5,114.0,350.6,319.0,614.0,0.282609
TRIAGE_AGE_HOUR|3|65-74|13,TRIAGE_AGE_HOUR,3,65-74,13,35,35.07,15.0,87.0,414.14,286.0,572.0,0.371429
TRIAGE_AGE_HOUR|3|65-74|14,TRIAGE_AGE_HOUR,3,65-74,14,34,52.78,30.0,121.0,391.59,318.5,659.0,0.352941
TRIAGE_AGE_HOUR|3|65-74|15,TRIAGE_AGE_HOUR,3,65-74,15,38,45.78,25.0,104.0,299.95,260.5,513.0,0.236842
TRIAGE_AGE_HOUR|3|65-74|16,TRIAGE_AGE_HOUR,3,65-74,16,29,31.31,14.5,76.0,311.41,220.0,498.0,0.206897
TRIAGE_AGE_HOUR|3|65-74|17,TRIAGE_AGE_HOUR,3,65-74,17,31,50.86,19.5,117.0,529.32,292.0,1245.0,0.290323
TRIAGE_AGE_HOUR|3|65-74|18,TRIAGE_AGE_HOUR,3,65-74,18,24,33.95,17.0,86.0,348.96,278.5,694.0,0.25
TRIAGE_AGE_HOUR|3|65-74|19,TRIAGE_AGE_HOUR,3,65-74,19,19,56.93,23.0,146.0,370.53,285.0,684.0,0.052632
TRIAGE_AGE_HOUR|3|65-74|2,TRIAGE_AGE_HOUR,3,65-74,2,8,19.71,3.0,9.0,265.88,217.5,344.0,0.25
TRIAGE_AGE_HOUR|3|65-74|20,TRIAGE_AGE_HOUR,3,65-74,20,23,46.2,22.5,110.0,404.05,312.5,828.0,0.130435
TRIAGE_AGE_HOUR|3|65-74|21,TRIAGE_AGE_HOUR,3,65-74,21,14,52.67,10.0,202.0,346.79,212.0,854.0,0.285714
TRIAGE_AGE_HOUR|3|65-74|22,TRIAGE_AGE_HOUR,3,65-74,22,17,28.0,22.5,76.0,282.94,276.0,400.0,0.117647
TRIAGE_AGE_HOUR|3|65-74|23,TRIAGE_AGE_HOUR,3,65-74,23,14,26.0,17.0,71.0,641.43,517.0,1185.0,0.285714
TRIAGE_AGE_HOUR|3|65-74|3,TRIAGE_AGE_HOUR,3,65-74,3,10,15.22,13.0,35.0,246.2,237.5,330.0,0.0
TRIAGE_AGE_HOUR|3|65-74|4,TRIAGE_AGE_HOUR,3,65-74,4,7,15.33,8.0,20.0,317.0,303.0,452.0,0.0
TRIAGE_AGE_HOUR|3|65-74|5,TRIAGE_AGE_HOUR,3,65-74,5,5,14.0,10.0,24.0,316.4,312.0,424.0,0.4
TRIAGE_AGE_HOUR|3|65-74|6,TRIAGE_AGE_HOUR,3,65-74,6,17,37.8,27.0,80.0,312.47,271.0,498.0,0.058824
TRIAGE_AGE_HOUR|3|65-74|7,TRIAGE_AGE_HOUR,3,65-74,7,19,45.19,10.5,275.0,335.79,279.0,607.0,0.052632
TRIAGE_AGE_HOUR|3|65-74|8,TRIAGE_AGE_HOUR,3,65-74,8,28,19.5,11.5,40.0,327.44,204.0,322.0,0.25
TRIAGE_AGE_HOUR|3|65-74|9,TRIAGE_AGE_HOUR,3,65-74,9,33,19.52,11.0,45.0,302.38,271.0,389.0,0.181818
TRIAGE_AGE_HOUR|3|65-74|ALL,TRIAGE_AGE_HOUR,3,65-74,ALL,3,,,,,,,0.0
TRIAGE_AGE_HOUR|3|75+|0,TRIAGE_AGE_HOUR,3,75+,0,10,12.5,9.5,27.0,310.2,234.0,514.0,0.3
TRIAGE_AGE_HOUR|3|75+|1,TRIAGE_AGE_HOUR,3,75+,1,7,13.67,5.0,12.0,173.86,120.0,289.0,0.285714
TRIAGE_AGE_HOUR|3|75+|10,TRIAGE_AGE_HOUR,3,75+,10,42,22.53,12.0,48.0,371.62,276.0,671.0,0.309524
TRIAGE_AGE_HOUR|3|75+|11,TRIAGE_AGE_HOUR,3,75+,11,37,23.55,9.0,41.0,335.65,298.5,609.0,0.378378
TRIAGE_AGE_HOUR|3|75+|12,TRIAGE_AGE_HOUR,3,75+,12,50,31.6,13.0,72.0,298.43,259.0,493.0,0.3
TRIAGE_AGE_HOUR|3|75+|13,TRIAGE_AGE_HOUR,3,75+,13,41,39.0,17.5,68.0,318.95,227.5,552.0,0.195122
TRIAGE_AGE_HOUR|3|75+|14,TRIAGE_AGE_HOUR,3,75+,14,44,34.23,15.0,84.0,431.82,306.0,584.0,0.25
TRIAGE_AGE_HOUR|3|75+|15,TRIAGE_AGE_HOUR,3,75+,15,40,25.86,13.0,63.0,376.72,292.0,513.0,0.4
TRIAGE_AGE_HOUR|3|75+|16,TRIAGE_AGE_HOUR,3,75+,16,40,41.68,9.0,115.0,346.65,234.5,498.0,0.225
TRIAGE_AGE_HOUR|3|75+|17,TRIAGE_AGE_HOUR,3,75+,17,44,23.8,11.0,51.0,319.65,209.0,730.0,0.272727
TRIAGE_AGE_HOUR|3|75+|18,TRIAGE_AGE_HOUR,3,75+,18,31,30.5,15.0,85.0,417.1,244.0,396.0,0.354839
TRIAGE_AGE_HOUR|3|75+|19,TRIAGE_AGE_HOUR,3,75+,19,30,20.85,15.0,42.0,312.93,207.5,717.0,0.2
TRIAGE_AGE_HOUR|3|75+|2,TRIAGE_AGE_HOUR,3,75+,2,6,13.5,17.0,19.0,235.8,243.0,352.0,0.333333
TRIAGE_AGE_HOUR|3|75+|20,TRIAGE_AGE_HOUR,3,75+,20,20,26.47,18.0,54.0,475.0,309.0,1112.0,0.25
TRIAGE_AGE_HOUR|3|75+|21,TRIAGE_AGE_HOUR,3,75+,21,20,37.31,10.0,75.0,574.65,239.5,2097.0,0.4
TRIAGE_AGE_HOUR|3|75+|22,TRIAGE_AGE_HOUR,3,75+,22,18,67.15,28.0,218.0,303.22,246.5,522.0,0.166667
TRIAGE_AGE_HOUR|3|75+|23,TRIAGE_AGE_HOUR,3,75+,23,19,29.19,13.5,112.0,317.74,226.0,430.0,0.368421
TRIAGE_AGE_HOUR|3|75+|3,TRIAGE_AGE_HOUR,3,75+,3,10,43.57,15.0,21.0,240.0,224.0,375.0,0.4
TRIAGE_AGE_HOUR|3|75+|4,TRIAGE_AGE_HOUR,3,75+,4,12,17.73,9.0,44.0,184.75,97.5,417.0,0.166667
TRIAGE_AGE_HOUR|3|75+|5,TRIAGE_AGE_HOUR,3,75+,5,11,53.7,46.0,120.0,254.36,255.0,357.0,0.363636
TRIAGE_AGE_HOUR|3|75+|6,TRIAGE_AGE_HOUR,3,75+,6,15,51.0,11.0,120.0,499.47,356.0,944.0,0.4
TRIAGE_AGE_HOUR|3|75+|7,TRIAGE_AGE_HOUR,3,75+,7,20,17.29,11.0,30.0,363.74,181.0,579.0,0.35
TRIAGE_AGE_HOUR|3|75+|8,TRIAGE_AGE_HOUR,3,75+,8,24,19.05,12.0,45.0,395.42,266.0,842.0,0.291667
TRIAGE_AGE_HOUR|3|75+|9,TRIAGE_AGE_HOUR,3,75+,9,52,34.82,12.0,55.0,327.87,255.5,554.0,0.307692
TRIAGE_AGE_HOUR|3|75+|ALL,TRIAGE_AGE_HOUR,3,75+,ALL,7,,,,,,,0.142857
TRIAGE_AGE_HOUR|4|0-17|0,TRIAGE_AGE_HOUR,4,0-17,0,27,49.05,27.0,72.0,139.46,108.0,197.0,0.0
TRIAGE_AGE_HOUR|4|0-17|1,TRIAGE_AGE_HOUR,4,0-17,1,22,44.75,19.0,104.0,171.77,183.0,279.0,0.045455
TRIAGE_AGE_HOUR|4|0-17|10,TRIAGE_AGE_HOUR,4,0-17,10,41,33.78,11.0,99.0,188.9,144.0,372.0,0.0
TRIAGE_AGE_HOUR|4|0-17|11,TRIAGE_AGE_HOUR,4,0-17,11,51,37.37,17.5,69.0,138.82,117.0,260.0,0.0
TRIAGE_AGE_HOUR|4|0-17|12,TRIAGE_AGE_HOUR,4,0-17,12,53,35.4,22.0,75.0,166.43,150.0,324.0,0.018868
TRIAGE_AGE_HOUR|4|0-17|13,TRIAGE_AGE_HOUR,4,0-17,13,44,51.3,26.5,151.0,179.77,154.5,331.0,0.022727
TRIAGE_AGE_HOUR|4|0-17|14,TRIAGE_AGE_HOUR,4,0-17,14,34,47.34,35.0,105.0,150.82,125.0,272.0,0.029412
TRIAGE_AGE_HOUR|4|0-17|15,TRIAGE_AGE_HOUR,4,0-17,15,42,28.76,24.0,60.0,142.31,114.5,339.0,0.02381
TRIAGE_AGE_HOUR|4|0-17|16,TRIAGE_AGE_HOUR,4,0-17,16,52,38.76,14.0,82.0,156.29,132.0,280.0,0.0
TRIAGE_AGE_HOUR|4|0-17|17,TRIAGE_AGE_HOUR,4,0-17,17,65,41.72,19.0,114.0,146.57,121.0,316.0,0.0
TRIAGE_AGE_HOUR|4|0-17|18,TRIAGE_AGE_HOUR,4,0-17,18,55,40.62,20.0,110.0,137.19,113.5,245.0,0.0
TRIAGE_AGE_HOUR|4|0-17|19,TRIAGE_AGE_HOUR,4,0-17,19,69,39.92,22.0,87.0,186.69,124.0,409.0,0.014493
TRIAGE_AGE_HOUR|4|0-17|2,TRIAGE_AGE_HOUR,4,0-17,2,11,34.22,23.0,58.0,129.73,107.0,191.0,0.0
TRIAGE_AGE_HOUR|4|0-17|20,TRIAGE_AGE_HOUR,4,0-17,20,41,51.68,18.0,178.0,128.05,110.0,225.0,0.0
TRIAGE_AGE_HOUR|4|0-17|21,TRIAGE_AGE_HOUR,4,0-17,21,59,65.23,23.0,159.0,200.24,146.0,391.0,0.0
TRIAGE_AGE_HOUR|4|0-17|22,TRIAGE_AGE_HOUR,4,0-17,22,43,46.0,15.5,120.0,163.0,139.5,311.0,0.0
TRIAGE_AGE_HOUR|4|0-17|23,TRIAGE_AGE_HOUR,4,0-17,23,30,37.31,12.0,54.0,160.66,109.0,314.0,0.0
TRIAGE_AGE_HOUR|4|0-17|3,TRIAGE_AGE_HOUR,4,0-17,3,15,36.85,14.0,105.0,166.33,156.0,384.0,0.0
TRIAGE_AGE_HOUR|4|0-17|4,TRIAGE_AGE_HOUR,4,0-17,4,10,63.12,29.0,129.0,191.4,122.0,331.0,0.0
TRIAGE_AGE_HOUR|4|0-17|5,TRIAGE_AGE_HOUR,4,0-17,5,20,23.88,11.0,38.0,150.65,120.0,295.0,0.05
TRIAGE_AGE_HOUR|4|0-17|6,TRIAGE_AGE_HOUR,4,0-17,6,11,46.11,35.0,44.0,152.91,121.0,258.0,0.0
TRIAGE_AGE_HOUR|4|0-17|7,TRIAGE_AGE_HOUR,4,0-17,7,15,21.08,9.0,57.0,138.47,123.0,226.0,0.066667
TRIAGE_AGE_HOUR|4|0-17|8,TRIAGE_AGE_HOUR,4,0-17,8,35,14.15,7.0,33.0,129.03,109.0,246.0,0.0
TRIAGE_AGE_HOUR|4|0-17|9,TRIAGE_AGE_HOUR,4,0-17,9,42,29.34,21.0,65.0,147.12,125.0,260.0,0.0
TRIAGE_AGE_HOUR|4|0-17|ALL,TRIAGE_AGE_HOUR,4,0-17,ALL,6,,,,,,,0.166667
TRIAGE_AGE_HOUR|4|18-44|0,TRIAGE_AGE_HOUR,4,18-44,0,31,13.6,7.0,42.0,192.26,138.0,358.0,0.032258
TRIAGE_AGE_HOUR|4|18-44|1,TRIAGE_AGE_HOUR,4,18-44,1,30,11.79,5.0,15.0,162.79,147.0,247.0,0.0
TRIAGE_AGE_HOUR|4|18-44|10,TRIAGE_AGE_HOUR,4,18-44,10,74,28.58,14.0,63.0,193.52,135.0,364.0,0.013514
TRIAGE_AGE_HOUR|4|18-44|11,TRIAGE_AGE_HOUR,4,18-44,11,56,33.0,15.0,92.0,151.22,132.0,252.0,0.0
TRIAGE_AGE_HOUR|4|18-44|12,TRIAGE_AGE_HOUR,4,18-44,12,66,23.87,13.0,74.0,204.03,123.0,240.0,0.0
TRIAGE_AGE_HOUR|4|18-44|13,TRIAGE_AGE_HOUR,4,18-44,13,64,32.95,21.5,88.0,156.22,119.5,318.0,0.015625
TRIAGE_AGE_HOUR|4|18-44|14,TRIAGE_AGE_HOUR,4,18-44,14,46,37.33,29.0,91.0,233.8,161.5,363.0,0.021739
TRIAGE_AGE_HOUR|4|18-44|15,TRIAGE_AGE_HOUR,4,18-44,15,47,27.02,15.0,60.0,155.63,135.0,293.0,0.021277
TRIAGE_AGE_HOUR|4|18-44|16,TRIAGE_AGE_HOUR,4,18-44,16,60,37.33,18.0,93.0,147.7,124.0,271.0,0.016667
TRIAGE_AGE_HOUR|4|18-44|17,TRIAGE_AGE_HOUR,4,18-44,17,71,39.67,14.0,121.0,184.71,151.0,277.0,0.0
TRIAGE_AGE_HOUR|4|18-44|18,TRIAGE_AGE_HOUR,4,18-44,18,63,31.06,14.0,76.0,169.13,108.0,407.0,0.0
TRIAGE_AGE_HOUR|4|18-44|19,TRIAGE_AGE_HOUR,4,18-44,19,71,27.8,19.0,68.0,204.86,134.5,281.0,0.0
TRIAGE_AGE_HOUR|4|18-44|2,TRIAGE_AGE_HOUR,4,18-44,2,23,22.71,11.0,46.0,184.22,115.0,553.0,0.0
TRIAGE_AGE_HOUR|4|18-44|20,TRIAGE_AGE_HOUR,4,18-44,20,59,30.25,16.0,69.0,185.46,142.0,344.0,0.0
TRIAGE_AGE_HOUR|4|18-44|21,TRIAGE_AGE_HOUR,4,18-44,21,58,31.96,9.0,82.0,189.26,121.5,273.0,0.0
TRIAGE_AGE_HOUR|4|18-44|22,TRIAGE_AGE_HOUR,4,18-44,22,59,36.42,10.5,97.0,157.12,101.0,326.0,0.0
TRIAGE_AGE_HOUR|4|18-44|23,TRIAGE_AGE_HOUR,4,18-44,23,41,32.65,13.0,88.0,269.61,116.0,540.0,0.0
TRIAGE_AGE_HOUR|4|18-44|3,TRIAGE_AGE_HOUR,4,18-44,3,20,47.41,15.0,61.0,250.65,146.5,646.0,0.05
TRIAGE_AGE_HOUR|4|18-44|4,TRIAGE_AGE_HOUR,4,18-44,4,19,27.22,19.0,54.0,225.74,97.0,444.0,0.0
TRIAGE_AGE_HOUR|4|18-44|5,TRIAGE_AGE_HOUR,4,18-44,5,18,26.27,8.0,49.0,156.56,126.5,332.0,0.055556
TRIAGE_AGE_HOUR|4|18-44|6,TRIAGE_AGE_HOUR,4,18-44,6,18,43.93,7.5,177.0,215.67,158.0,334.0,0.055556
TRIAGE_AGE_HOUR|4|18-44|7,TRIAGE_AGE_HOUR,4,18-44,7,32,12.88,8.0,24.0,138.81,78.0,293.0,0.0
TRIAGE_AGE_HOUR|4|18-44|8,TRIAGE_AGE_HOUR,4,18-44,8,47,22.67,11.0,47.0,369.13,112.0,434.0,0.06383
TRIAGE_AGE_HOUR|4|18-44|9,TRIAGE_AGE_HOUR,4,18-44,9,47,32.17,18.0,97.0,155.8,126.5,249.0,0.0
TRIAGE_AGE_HOUR|4|18-44|ALL,TRIAGE_AGE_HOUR,4,18-44,ALL,5,,,,,,,0.0
TRIAGE_AGE_HOUR|4|45-64|0,TRIAGE_AGE_HOUR,4,45-64,0,12,16.6,6.5,37.0,143.75,94.5,298.0,0.0
TRIAGE_AGE_HOUR|4|45-64|1,TRIAGE_AGE_HOUR,4,45-64,1,10,64.11,11.0,82.0,232.5,174.0,296.0,0.0
TRIAGE_AGE_HOUR|4|45-64|10,TRIAGE_AGE_HOUR,4,45-64,10,37,24.93,15.5,60.0,194.19,173.0,397.0,0.027027
TRIAGE_AGE_HOUR|4|45-64|11,TRIAGE_AGE_HOUR,4,45-64,11,32,30.07,18.0,41.0,253.44,140.0,432.0,0.125
TRIAGE_AGE_HOUR|4|45-64|12,TRIAGE_AGE_HOUR,4,45-64,12,41,38.56,14.5,76.0,179.59,142.0,363.0,0.04878
TRIAGE_AGE_HOUR|4|45-64|13,TRIAGE_AGE_HOUR,4,45-64,13,30,56.39,21.0,136.0,283.67,164.0,532.0,0.066667
TRIAGE_AGE_HOUR|4|45-64|14,TRIAGE_AGE_HOUR,4,45-64,14,29,23.84,20.0,54.0,221.69,137.0,369.0,0.103448
TRIAGE_AGE_HOUR|4|45-64|15,TRIAGE_AGE_HOUR,4,45-64,15,22,34.42,11.0,90.0,253.23,180.0,312.0,0.045455
TRIAGE_AGE_HOUR|4|45-64|16,TRIAGE_AGE_HOUR,4,45-64,16,26,31.83,14.0,66.0,154.0,136.5,264.0,0.0
TRIAGE_AGE_HOUR|4|45-64|17,TRIAGE_AGE_HOUR,4,45-64,17,36,28.48,15.0,74.0,195.43,120.0,316.0,0.055556
TRIAGE_AGE_HOUR|4|45-64|18,TRIAGE_AGE_HOUR,4,45-64,18,30,39.56,14.0,117.0,224.07,162.0,358.0,0.0
TRIAGE_AGE_HOUR|4|45-64|19,TRIAGE_AGE_HOUR,4,45-64,19,30,38.23,12.0,87.0,377.17,151.0,635.0,0.066667
TRIAGE_AGE_HOUR|4|45-64|2,TRIAGE_AGE_HOUR,4,45-64,2,12,12.44,15.0,19.0,405.58,301.0,839.0,0.0
TRIAGE_AGE_HOUR|4|45-64|20,TRIAGE_AGE_HOUR,4,45-64,20,30,43.0,18.0,73.0,203.07,120.0,399.0,0.0
TRIAGE_AGE_HOUR|4|45-64|21,TRIAGE_AGE_HOUR,4,45-64,21,15,60.7,14.0,63.0,240.8,152.0,524.0,0.066667
TRIAGE_AGE_HOUR|4|45-64|22,TRIAGE_AGE_HOUR,4,45-64,22,19,53.5,14.5,159.0,268.67,175.0,649.0,0.0
TRIAGE_AGE_HOUR|4|45-64|23,TRIAGE_AGE_HOUR,4,45-64,23,3,61.0,61.0,76.0,143.33,185.0,185.0,0.0
TRIAGE_AGE_HOUR|4|45-64|3,TRIAGE_AGE_HOUR,4,45-64,3,7,23.6,11.0,59.0,260.14,185.0,491.0,0.142857
TRIAGE_AGE_HOUR|4|45-64|4,TRIAGE_AGE_HOUR,4,45-64,4,12,57.78,13.0,85.0,293.33,200.5,825.0,0.0
TRIAGE_AGE_HOUR|4|45-64|5,TRIAGE_AGE_HOUR,4,45-64,5,11,42.88,10.0,104.0,162.55,174.0,273.0,0.0
TRIAGE_AGE_HOUR|4|45-64|6,TRIAGE_AGE_HOUR,4,45-64,6,13,25.08,18.5,47.0,229.85,114.0,649.0,0.0
TRIAGE_AGE_HOUR|4|45-64|7,TRIAGE_AGE_HOUR,4,45-64,7,16,22.67,7.0,102.0,136.56,112.5,265.0,0.0
TRIAGE_AGE_HOUR|4|45-64|8,TRIAGE_AGE_HOUR,4,45-64,8,29,28.07,13.0,60.0,190.41,145.0,308.0,0.068966
TRIAGE_AGE_HOUR|4|45-64|9,TRIAGE_AGE_HOUR,4,45-64,9,33,32.23,12.0,116.0,140.45,98.0,312.0,0.0
TRIAGE_AGE_HOUR|4|45-64|ALL,TRIAGE_AGE_HOUR,4,45-64,ALL,5,,,,,,,0.0
TRIAGE_AGE_HOUR|4|65-74|0,TRIAGE_AGE_HOUR,4,65-74,0,2,428.5,428.5,830.0,544.0,544.0,1032.0,0.0
TRIAGE_AGE_HOUR|4|65-74|1,TRIAGE_AGE_HOUR,4,65-74,1,3,20.0,20.0,20.0,191.0,166.0,256.0,0.0
TRIAGE_AGE_HOUR|4|65-74|10,TRIAGE_AGE_HOUR,4,65-74,10,9,44.71,31.0,57.0,177.78,140.0,252.0,0.0
TRIAGE_AGE_HOUR|4|65-74|11,TRIAGE_AGE_HOUR,4,65-74,11,11,15.0,13.0,28.0,169.0,113.0,304.0,0.0
TRIAGE_AGE_HOUR|4|65-74|12,TRIAGE_AGE_HOUR,4,65-74,12,10,60.86,17.0,115.0,714.1,203.0,267.0,0.1
TRIAGE_AGE_HOUR|4|65-74|13,TRIAGE_AGE_HOUR,4,65-74,13,17,58.0,30.0,156.0,162.19,148.5,243.0,0.058824
TRIAGE_AGE_HOUR|4|65-74|14,TRIAGE_AGE_HOUR,4,65-74,14,11,41.4,23.0,55.0,188.45,174.0,370.0,0.0
TRIAGE_AGE_HOUR|4|65-74|15,TRIAGE_AGE_HOUR,4,65-74,15,11,19.3,18.5,26.0,136.82,113.0,269.0,0.0
TRIAGE_AGE_HOUR|4|65-74|16,TRIAGE_AGE_HOUR,4,65-74,16,4,19.0,12.0,39.0,160.25,160.0,221.0,0.0
TRIAGE_AGE_HOUR|4|65-74|17,TRIAGE_AGE_HOUR,4,65-74,17,5,48.4,7.0,220.0,227.8,241.0,411.0,0.2
TRIAGE_AGE_HOUR|4|65-74|18,TRIAGE_AGE_HOUR,4,65-74,18,6,20.4,4.0,88.0,124.67,100.0,132.0,0.0
TRIAGE_AGE_HOUR|4|65-74|19,TRIAGE_AGE_HOUR,4,65-74,19,11,33.78,16.0,49.0,221.82,119.0,283.0,0.090909
TRIAGE_AGE_HOUR|4|65-74|2,TRIAGE_AGE_HOUR,4,65-74,2,2,4.0,4.0,4.0,185.0,185.0,313.0,0.0
TRIAGE_AGE_HOUR|4|65-74|20,TRIAGE_AGE_HOUR,4,65-74,20,6,64.8,39.0,132.0,363.83,207.0,439.0,0.0
TRIAGE_AGE_HOUR|4|65-74|21,TRIAGE_AGE_HOUR,4,65-74,21,3,149.0,149.0,149.0,303.0,258.0,424.0,0.0
TRIAGE_AGE_HOUR|4|65-74|22,TRIAGE_AGE_HOUR,4,65-74,22,1,,,,151.0,151.0,151.0,0.0
TRIAGE_AGE_HOUR|4|65-74|23,TRIAGE_AGE_HOUR,4,65-74,23,4,20.0,10.0,42.0,465.25,151.0,1440.0,0.0
TRIAGE_AGE_HOUR|4|65-74|3,TRIAGE_AGE_HOUR,4,65-74,3,2,53.0,53.0,86.0,498.0,498.0,920.0,0.0
TRIAGE_AGE_HOUR|4|65-74|4,TRIAGE_AGE_HOUR,4,65-74,4,3,27.33,8.0,69.0,368.33,86.0,986.0,0.333333
TRIAGE_AGE_HOUR|4|65-74|5,TRIAGE_AGE_HOUR,4,65-74,5,2,38.0,38.0,75.0,525.5,525.5,946.0,0.0
TRIAGE_AGE_HOUR|4|65-74|6,TRIAGE_AGE_HOUR,4,65-74,6,6,7.6,6.0,19.0,104.33,101.0,147.0,0.0
TRIAGE_AGE_HOUR|4|65-74|7,TRIAGE_AGE_HOUR,4,65-74,7,3,54.0,28.0,117.0,484.0,400.0,882.0,0.0
TRIAGE_AGE_HOUR|4|65-74|8,TRIAGE_AGE_HOUR,4,65-74,8,8,25.62,16.0,64.0,178.62,167.5,264.0,0.0
TRIAGE_AGE_HOUR|4|65-74|9,TRIAGE_AGE_HOUR,4,65-74,9,9,46.67,20.0,90.0,228.67,205.0,369.0,0.0
TRIAGE_AGE_HOUR|4|65-74|ALL,TRIAGE_AGE_HOUR,4,65-74,ALL,4,,,,,,,0.0
TRIAGE_AGE_HOUR|4|75+|10,TRIAGE_AGE_HOUR,4,75+,10,13,26.83,20.0,75.0,193.0,203.5,293.0,0.0
TRIAGE_AGE_HOUR|4|75+|11,TRIAGE_AGE_HOUR,4,75+,11,10,20.1,9.5,38.0,158.67,134.0,245.0,0.1
TRIAGE_AGE_HOUR|4|75+|12,TRIAGE_AGE_HOUR,4,75+,12,5,111.75,27.5,386.0,288.2,249.0,482.0,0.2
TRIAGE_AGE_HOUR|4|75+|13,TRIAGE_AGE_HOUR,4,75+,13,9,39.5,13.5,76.0,240.56,220.0,409.0,0.222222
TRIAGE_AGE_HOUR|4|75+|14,TRIAGE_AGE_HOUR,4,75+,14,6,66.33,23.0,81.0,188.17,228.0,288.0,0.0
TRIAGE_AGE_HOUR|4|75+|15,TRIAGE_AGE_HOUR,4,75+,15,9,37.38,5.0,16.0,186.89,198.0,351.0,0.222222
TRIAGE_AGE_HOUR|4|75+|16,TRIAGE_AGE_HOUR,4,75+,16,5,17.2,14.0,48.0,115.8,85.0,218.0,0.0
TRIAGE_AGE_HOUR|4|75+|17,TRIAGE_AGE_HOUR,4,75+,17,8,29.86,26.0,53.0,181.12,166.0,262.0,0.0
TRIAGE_AGE_HOUR|4|75+|18,TRIAGE_AGE_HOUR,4,75+,18,4,9.75,10.5,18.0,119.25,115.0,176.0,0.0
TRIAGE_AGE_HOUR|4|75+|19,TRIAGE_AGE_HOUR,4,75+,19,5,9.4,6.0,24.0,193.4,220.0,268.0,0.0
TRIAGE_AGE_HOUR|4|75+|2,TRIAGE_AGE_HOUR,4,75+,2,1,24.0,24.0,24.0,64.0,64.0,64.0,0.0
TRIAGE_AGE_HOUR|4|75+|20,TRIAGE_AGE_HOUR,4,75+,20,2,3.0,3.0,3.0,153.5,153.5,204.0,0.0
TRIAGE_AGE_HOUR|4|75+|21,TRIAGE_AGE_HOUR,4,75+,21,3,34.0,26.0,59.0,242.33,128.0,534.0,0.0
TRIAGE_AGE_HOUR|4|75+|22,TRIAGE_AGE_HOUR,4,75+,22,6,18.33,9.5,14.0,518.83,535.5,697.0,0.0
TRIAGE_AGE_HOUR|4|75+|23,TRIAGE_AGE_HOUR,4,75+,23,2,11.5,11.5,19.0,280.0,280.0,442.0,0.0
TRIAGE_AGE_HOUR|4|75+|3,TRIAGE_AGE_HOUR,4,75+,3,2,6.0,6.0,7.0,230.0,230.0,255.0,0.5
TRIAGE_AGE_HOUR|4|75+|4,TRIAGE_AGE_HOUR,4,75+,4,2,61.5,61.5,110.0,167.0,167.0,213.0,0.0
TRIAGE_AGE_HOUR|4|75+|5,TRIAGE_AGE_HOUR,4,75+,5,1,86.0,86.0,86.0,331.0,331.0,331.0,0.0
TRIAGE_AGE_HOUR|4|75+|6,TRIAGE_AGE_HOUR,4,75+,6,4,25.25,10.5,73.0,112.0,127.5,153.0,0.0
TRIAGE_AGE_HOUR|4|75+|7,TRIAGE_AGE_HOUR,4,75+,7,3,65.33,9.0,181.0,213.0,184.0,306.0,0.333333
TRIAGE_AGE_HOUR|4|75+|8,TRIAGE_AGE_HOUR,4,75+,8,7,57.29,20.0,93.0,179.57,189.0,214.0,0.142857
TRIAGE_AGE_HOUR|4|75+|9,TRIAGE_AGE_HOUR,4,75+,9,8,21.62,16.5,37.0,205.88,141.5,431.0,0.125
TRIAGE_AGE_HOUR|5|0-17|0,TRIAGE_AGE_HOUR,5,0-17,0,2,15.0,15.0,19.0,344.0,344.0,619.0,0.0
TRIAGE_AGE_HOUR|5|0-17|1,TRIAGE_AGE_HOUR,5,0-17,1,4,15.0,11.0,30.0,86.75,80.0,144.0,0.0
TRIAGE_AGE_HOUR|5|0-17|10,TRIAGE_AGE_HOUR,5,0-17,10,12,38.55,9.0,92.0,141.08,117.5,240.0,0.083333
TRIAGE_AGE_HOUR|5|0-17|11,TRIAGE_AGE_HOUR,5,0-17,11,1,,,,47.0,47.0,47.0,0.0
TRIAGE_AGE_HOUR|5|0-17|12,TRIAGE_AGE_HOUR,5,0-17,12,6,13.67,7.5,32.0,123.67,82.0,194.0,0.0
TRIAGE_AGE_HOUR|5|0-17|13,TRIAGE_AGE_HOUR,5,0-17,13,5,61.0,61.0,67.0,131.6,86.0,312.0,0.0
TRIAGE_AGE_HOUR|5|0-17|14,TRIAGE_AGE_HOUR,5,0-17,14,4,28.67,19.0,62.0,80.75,67.0,169.0,0.0
TRIAGE_AGE_HOUR|5|0-17|15,TRIAGE_AGE_HOUR,5,0-17,15,8,49.0,21.0,113.0,120.62,62.5,300.0,0.0
TRIAGE_AGE_HOUR|5|0-17|16,TRIAGE_AGE_HOUR,5,0-17,16,2,25.0,25.0,25.0,242.0,242.0,401.0,0.0
TRIAGE_AGE_HOUR|5|0-17|17,TRIAGE_AGE_HOUR,5,0-17,17,6,53.17,28.5,75.0,138.17,155.0,203.0,0.0
TRIAGE_AGE_HOUR|5|0-17|18,TRIAGE_AGE_HOUR,5,0-17,18,3,40.67,9.0,111.0,111.33,103.0,209.0,0.0
TRIAGE_AGE_HOUR|5|0-17|19,TRIAGE_AGE_HOUR,5,0-17,19,4,15.67,16.0,20.0,141.5,94.0,338.0,0.0
TRIAGE_AGE_HOUR|5|0-17|2,TRIAGE_AGE_HOUR,5,0-17,2,2,0.5,0.5,1.0,857.5,857.5,1491.0,0.5
TRIAGE_AGE_HOUR|5|0-17|20,TRIAGE_AGE_HOUR,5,0-17,20,4,83.67,59.0,170.0,149.5,161.0,176.0,0.0
TRIAGE_AGE_HOUR|5|0-17|21,TRIAGE_AGE_HOUR,5,0-17,21,5,43.5,9.0,153.0,151.0,77.0,421.0,0.0
TRIAGE_AGE_HOUR|5|0-17|22,TRIAGE_AGE_HOUR,5,0-17,22,2,41.5,41.5,57.0,77.5,77.5,96.0,0.0
TRIAGE_AGE_HOUR|5|0-17|23,TRIAGE_AGE_HOUR,5,0-17,23,9,22.22,10.0,41.0,135.33,151.0,198.0,0.111111
TRIAGE_AGE_HOUR|5|0-17|3,TRIAGE_AGE_HOUR,5,0-17,3,2,3.0,3.0,6.0,103.5,103.5,164.0,0.0
TRIAGE_AGE_HOUR|5|0-17|4,TRIAGE_AGE_HOUR,5,0-17,4,2,110.0,110.0,220.0,246.5,246.5,331.0,0.5
TRIAGE_AGE_HOUR|5|0-17|7,TRIAGE_AGE_HOUR,5,0-17,7,2,11.5,11.5,14.0,36.0,36.0,44.0,0.0
TRIAGE_AGE_HOUR|5|0-17|8,TRIAGE_AGE_HOUR,5,0-17,8,4,53.75,43.0,110.0,118.5,112.5,199.0,0.0
TRIAGE_AGE_HOUR|5|0-17|9,TRIAGE_AGE_HOUR,5,0-17,9,5,35.25,38.5,62.0,210.8,132.0,644.0,0.0
TRIAGE_AGE_HOUR|5|18-44|0,TRIAGE_AGE_HOUR,5,18-44,0,7,6.0,0.0,24.0,825.67,238.5,361.0,0.0
TRIAGE_AGE_HOUR|5|18-44|1,TRIAGE_AGE_HOUR,5,18-44,1,1,,,,12.0,12.0,12.0,0.0
TRIAGE_AGE_HOUR|5|18-44|10,TRIAGE_AGE_HOUR,5,18-44,10,9,44.67,13.0,55.0,145.0,124.0,295.0,0.0
TRIAGE_AGE_HOUR|5|18-44|11,TRIAGE_AGE_HOUR,5,18-44,11,8,37.83,22.0,51.0,233.0,90.5,251.0,0.0
TRIAGE_AGE_HOUR|5|18-44|12,TRIAGE_AGE_HOUR,5,18-44,12,7,20.2,5.0,47.0,126.14,106.0,175.0,0.0
TRIAGE_AGE_HOUR|5|18-44|13,TRIAGE_AGE_HOUR,5,18-44,13,10,47.44,16.0,79.0,107.5,84.5,222.0,0.0
TRIAGE_AGE_HOUR|5|18-44|14,TRIAGE_AGE_HOUR,5,18-44,14,6,13.17,14.0,21.0,580.67,143.0,499.0,0.0
TRIAGE_AGE_HOUR|5|18-44|15,TRIAGE_AGE_HOUR,5,18-44,15,5,22.5,18.0,50.0,166.0,144.0,316.0,0.0
TRIAGE_AGE_HOUR|5|18-44|16,TRIAGE_AGE_HOUR,5,18-44,16,4,16.0,16.0,25.0,187.5,201.5,316.0,0.0
TRIAGE_AGE_HOUR|5|18-44|17,TRIAGE_AGE_HOUR,5,18-44,17,9,27.88,18.5,29.0,342.67,94.0,963.0,0.0
TRIAGE_AGE_HOUR|5|18-44|18,TRIAGE_AGE_HOUR,5,18-44,18,6,26.4,30.0,41.0,72.0,71.5,103.0,0.0
TRIAGE_AGE_HOUR|5|18-44|19,TRIAGE_AGE_HOUR,5,18-44,19,5,15.0,12.0,24.0,324.2,280.0,624.0,0.0
TRIAGE_AGE_HOUR|5|18-44|2,TRIAGE_AGE_HOUR,5,18-44,2,1,4.0,4.0,4.0,369.0,369.0,369.0,0.0
TRIAGE_AGE_HOUR|5|18-44|20,TRIAGE_AGE_HOUR,5,18-44,20,2,4.5,4.5,9.0,26.0,26.0,42.0,0.0
TRIAGE_AGE_HOUR|5|18-44|21,TRIAGE_AGE_HOUR,5,18-44,21,5,12.5,9.0,30.0,88.6,55.0,279.0,0.0
TRIAGE_AGE_HOUR|5|18-44|22,TRIAGE_AGE_HOUR,5,18-44,22,5,9.0,5.0,24.0,72.6,72.0,146.0,0.0
TRIAGE_AGE_HOUR|5|18-44|23,TRIAGE_AGE_HOUR,5,18-44,23,1,196.0,196.0,196.0,293.0,293.0,293.0,0.0
TRIAGE_AGE_HOUR|5|18-44|3,TRIAGE_AGE_HOUR,5,18-44,3,4,19.0,5.0,66.0,32.75,22.5,72.0,0.0
TRIAGE_AGE_HOUR|5|18-44|4,TRIAGE_AGE_HOUR,5,18-44,4,1,,,,21.0,21.0,21.0,0.0
TRIAGE_AGE_HOUR|5|18-44|5,TRIAGE_AGE_HOUR,5,18-44,5,2,71.5,71.5,101.0,252.0,252.0,386.0,0.0
TRIAGE_AGE_HOUR|5|18-44|7,TRIAGE_AGE_HOUR,5,18-44,7,2,,,,117.5,117.5,147.0,0.0
TRIAGE_AGE_HOUR|5|18-44|8,TRIAGE_AGE_HOUR,5,18-44,8,5,30.0,20.0,81.0,94.6,89.0,136.0,0.0
TRIAGE_AGE_HOUR|5|18-44|9,TRIAGE_AGE_HOUR,5,18-44,9,6,39.17,29.5,30.0,106.17,82.5,169.0,0.0
TRIAGE_AGE_HOUR|5|45-64|0,TRIAGE_AGE_HOUR,5,45-64,0,4,4.25,2.5,12.0,66.5,62.0,115.0,0.0
TRIAGE_AGE_HOUR|5|45-64|1,TRIAGE_AGE_HOUR,5,45-64,1,2,7.5,7.5,13.0,444.0,444.0,817.0,0.0
TRIAGE_AGE_HOUR|5|45-64|10,TRIAGE_AGE_HOUR,5,45-64,10,8,17.14,9.0,28.0,106.43,85.0,132.0,0.0
TRIAGE_AGE_HOUR|5|45-64|11,TRIAGE_AGE_HOUR,5,45-64,11,3,22.5,22.5,32.0,196.0,249.0,281.0,0.333333
TRIAGE_AGE_HOUR|5|45-64|12,TRIAGE_AGE_HOUR,5,45-64,12,2,35.0,35.0,46.0,42.5,42.5,50.0,0.0
TRIAGE_AGE_HOUR|5|45-64|13,TRIAGE_AGE_HOUR,5,45-64,13,6,34.67,15.5,83.0,147.5,116.0,232.0,0.166667
TRIAGE_AGE_HOUR|5|45-64|14,TRIAGE_AGE_HOUR,5,45-64,14,2,11.0,11.0,21.0,32.5,32.5,36.0,0.0
TRIAGE_AGE_HOUR|5|45-64|15,TRIAGE_AGE_HOUR,5,45-64,15,1,4.0,4.0,4.0,116.0,116.0,116.0,0.0
TRIAGE_AGE_HOUR|5|45-64|16,TRIAGE_AGE_HOUR,5,45-64,16,2,8.5,8.5,16.0,103.5,103.5,205.0,0.0
TRIAGE_AGE_HOUR|5|45-64|17,TRIAGE_AGE_HOUR,5,45-64,17,3,5.5,5.5,6.0,79.33,89.0,97.0,0.0
TRIAGE_AGE_HOUR|5|45-64|18,TRIAGE_AGE_HOUR,5,45-64,18,2,7.0,7.0,9.0,55.0,55.0,59.0,0.0
TRIAGE_AGE_HOUR|5|45-64|19,TRIAGE_AGE_HOUR,5,45-64,19,1,32.0,32.0,32.0,43.0,43.0,43.0,0.0
TRIAGE_AGE_HOUR|5|45-64|20,TRIAGE_AGE_HOUR,5,45-64,20,6,50.33,16.0,51.0,118.5,79.0,225.0,0.0
TRIAGE_AGE_HOUR|5|45-64|21,TRIAGE_AGE_HOUR,5,45-64,21,1,45.0,45.0,45.0,3998.0,3998.0,3998.0,0.0
TRIAGE_AGE_HOUR|5|45-64|22,TRIAGE_AGE_HOUR,5,45-64,22,2,20.0,20.0,31.0,776.0,776.0,1499.0,0.0
TRIAGE_AGE_HOUR|5|45-64|23,TRIAGE_AGE_HOUR,5,45-64,23,1,15.0,15.0,15.0,111.0,111.0,111.0,0.0
TRIAGE_AGE_HOUR|5|45-64|3,TRIAGE_AGE_HOUR,5,45-64,3,1,82.0,82.0,82.0,128.0,128.0,128.0,0.0
TRIAGE_AGE_HOUR|5|45-64|4,TRIAGE_AGE_HOUR,5,45-64,4,3,8.5,8.5,11.0,72.67,15.0,195.0,0.0
TRIAGE_AGE_HOUR|5|45-64|7,TRIAGE_AGE_HOUR,5,45-64,7,1,,,,38.0,38.0,38.0,0.0
TRIAGE_AGE_HOUR|5|45-64|8,TRIAGE_AGE_HOUR,5,45-64,8,1,11.0,11.0,11.0,114.0,114.0,114.0,0.0
TRIAGE_AGE_HOUR|5|45-64|9,TRIAGE_AGE_HOUR,5,45-64,9,4,18.0,13.0,37.0,173.0,128.5,347.0,0.0
TRIAGE_AGE_HOUR|5|45-64|ALL,TRIAGE_AGE_HOUR,5,45-64,ALL,2,,,,,,,0.0
TRIAGE_AGE_HOUR|5|65-74|0,TRIAGE_AGE_HOUR,5,65-74,0,1,10.0,10.0,10.0,70.0,70.0,70.0,0.0
TRIAGE_AGE_HOUR|5|65-74|11,TRIAGE_AGE_HOUR,5,65-74,11,1,5.0,5.0,5.0,41.0,41.0,41.0,0.0
TRIAGE_AGE_HOUR|5|65-74|12,TRIAGE_AGE_HOUR,5,65-74,12,2,13.0,13.0,26.0,261.5,261.5,356.0,0.0
TRIAGE_AGE_HOUR|5|65-74|13,TRIAGE_AGE_HOUR,5,65-74,13,4,45.0,39.0,65.0,159.75,137.0,247.0,0.0
TRIAGE_AGE_HOUR|5|65-74|14,TRIAGE_AGE_HOUR,5,65-74,14,2,49.0,49.0,49.0,77.5,77.5,100.0,0.0
TRIAGE_AGE_HOUR|5|65-74|15,TRIAGE_AGE_HOUR,5,65-74,15,2,219.5,219.5,430.0,243.0,243.0,473.0,0.5
TRIAGE_AGE_HOUR|5|65-74|16,TRIAGE_AGE_HOUR,5,65-74,16,3,63.33,90.0,96.0,116.67,119.0,163.0,0.0
TRIAGE_AGE_HOUR|5|65-74|17,TRIAGE_AGE_HOUR,5,65-74,17,1,,,,56.0,56.0,56.0,1.0
TRIAGE_AGE_HOUR|5|65-74|20,TRIAGE_AGE_HOUR,5,65-74,20,3,39.33,4.0,112.0,197.33,152.0,366.0,0.0
TRIAGE_AGE_HOUR|5|65-74|21,TRIAGE_AGE_HOUR,5,65-74,21,1,11.0,11.0,11.0,21.0,21.0,21.0,0.0
TRIAGE_AGE_HOUR|5|65-74|23,TRIAGE_AGE_HOUR,5,65-74,23,1,9.0,9.0,9.0,101.0,101.0,101.0,0.0
TRIAGE_AGE_HOUR|5|65-74|5,TRIAGE_AGE_HOUR,5,65-74,5,1,,,,184.0,184.0,184.0,0.0
TRIAGE_AGE_HOUR|5|65-74|9,TRIAGE_AGE_HOUR,5,65-74,9,2,6.0,6.0,12.0,115.0,115.0,202.0,0.5
TRIAGE_AGE_HOUR|5|75+|1,TRIAGE_AGE_HOUR,5,75+,1,1,8.0,8.0,8.0,144.0,144.0,144.0,0.0
TRIAGE_AGE_HOUR|5|75+|10,TRIAGE_AGE_HOUR,5,75+,10,2,19.0,19.0,27.0,374.5,374.5,402.0,0.0
TRIAGE_AGE_HOUR|5|75+|11,TRIAGE_AGE_HOUR,5,75+,11,4,3.33,0.0,10.0,125.0,44.5,381.0,0.0
TRIAGE_AGE_HOUR|5|75+|13,TRIAGE_AGE_HOUR,5,75+,13,2,15.5,15.5,26.0,92.5,92.5,150.0,0.0
TRIAGE_AGE_HOUR|5|75+|15,TRIAGE_AGE_HOUR,5,75+,15,1,22.0,22.0,22.0,272.0,272.0,272.0,0.0
TRIAGE_AGE_HOUR|5|75+|16,TRIAGE_AGE_HOUR,5,75+,16,2,12.5,12.5,20.0,31.0,31.0,34.0,0.0
TRIAGE_AGE_HOUR|5|75+|18,TRIAGE_AGE_HOUR,5,75+,18,1,9.0,9.0,9.0,61.0,61.0,61.0,0.0
TRIAGE_AGE_HOUR|5|75+|23,TRIAGE_AGE_HOUR,5,75+,23,1,10.0,10.0,10.0,80.0,80.0,80.0,0.0
TRIAGE_AGE_HOUR|5|75+|5,TRIAGE_AGE_HOUR,5,75+,5,1,36.0,36.0,36.0,132.0,132.0,132.0,0.0
TRIAGE_AGE_HOUR|5|75+|8,TRIAGE_AGE_HOUR,5,75+,8,3,3.67,2.0,8.0,39.33,40.0,55.0,0.0
TRIAGE_AGE_HOUR|5|75+|9,TRIAGE_AGE_HOUR,5,75+,9,2,8.0,8.0,8.0,56.0,56.0,75.0,0.0
TRIAGE_AGE_HOUR|ALL|0-17|0,TRIAGE_AGE_HOUR,ALL,0-17,0,37,26.59,10.0,99.0,383.06,165.0,542.0,0.027027
TRIAGE_AGE_HOUR|ALL|0-17|1,TRIAGE_AGE_HOUR,ALL,0-17,1,41,40.05,16.0,53.0,176.0,129.0,344.0,0.04878
TRIAGE_AGE_HOUR|ALL|0-17|10,TRIAGE_AGE_HOUR,ALL,0-17,10,79,33.33,16.5,75.0,191.58,135.0,378.0,0.012658
TRIAGE_AGE_HOUR|ALL|0-17|11,TRIAGE_AGE_HOUR,ALL,0-17,11,74,37.32,9.0,110.0,209.81,144.5,326.0,0.067568
TRIAGE_AGE_HOUR|ALL|0-17|12,TRIAGE_AGE_HOUR,ALL,0-17,12,85,52.72,12.0,188.0,245.18,191.0,432.0,0.070588
TRIAGE_AGE_HOUR|ALL|0-17|13,TRIAGE_AGE_HOUR,ALL,0-17,13,73,50.12,17.0,120.0,289.14,156.0,339.0,0.09589
TRIAGE_AGE_HOUR|ALL|0-17|14,TRIAGE_AGE_HOUR,ALL,0-17,14,70,30.69,15.0,84.0,196.55,146.0,283.0,0.042857
TRIAGE_AGE_HOUR|ALL|0-17|15,TRIAGE_AGE_HOUR,ALL,0-17,15,63,42.92,20.0,131.0,299.4,163.0,419.0,0.063492
TRIAGE_AGE_HOUR|ALL|0-17|16,TRIAGE_AGE_HOUR,ALL,0-17,16,75,43.31,19.0,122.0,257.41,141.0,447.0,0.04
TRIAGE_AGE_HOUR|ALL|0-17|17,TRIAGE_AGE_HOUR,ALL,0-17,17,77,41.83,16.5,129.0,297.11,156.0,413.0,0.051948
TRIAGE_AGE_HOUR|ALL|0-17|18,TRIAGE_AGE_HOUR,ALL,0-17,18,83,52.54,19.5,117.0,200.45,163.0,338.0,0.036145
TRIAGE_AGE_HOUR|ALL|0-17|19,TRIAGE_AGE_HOUR,ALL,0-17,19,85,38.64,20.5,113.0,226.78,143.5,406.0,0.058824
TRIAGE_AGE_HOUR|ALL|0-17|2,TRIAGE_AGE_HOUR,ALL,0-17,2,21,33.78,15.0,77.0,196.75,152.5,281.0,0.047619
TRIAGE_AGE_HOUR|ALL|0-17|20,TRIAGE_AGE_HOUR,ALL,0-17,20,88,40.29,16.0,135.0,210.31,161.0,333.0,0.056818
TRIAGE_AGE_HOUR|ALL|0-17|21,TRIAGE_AGE_HOUR,ALL,0-17,21,88,33.61,18.0,70.0,191.87,122.0,361.0,0.011364
TRIAGE_AGE_HOUR|ALL|0-17|22,TRIAGE_AGE_HOUR,ALL,0-17,22,57,33.41,17.5,63.0,400.92,108.0,893.0,0.087719
TRIAGE_AGE_HOUR|ALL|0-17|23,TRIAGE_AGE_HOUR,ALL,0-17,23,45,36.62,9.0,78.0,211.8,150.0,398.0,0.044444
TRIAGE_AGE_HOUR|ALL|0-17|3,TRIAGE_AGE_HOUR,ALL,0-17,3,20,30.47,8.0,59.0,188.78,137.0,254.0,0.05
TRIAGE_AGE_HOUR|ALL|0-17|4,TRIAGE_AGE_HOUR,ALL,0-17,4,21,46.22,17.0,104.0,281.85,165.0,531.0,0.047619
TRIAGE_AGE_HOUR|ALL|0-17|5,TRIAGE_AGE_HOUR,ALL,0-17,5,17,24.36,6.0,59.0,210.8,169.0,342.0,0.117647
TRIAGE_AGE_HOUR|ALL|0-17|6,TRIAGE_AGE_HOUR,ALL,0-17,6,11,38.71,24.0,65.0,289.5,186.5,584.0,0.090909
TRIAGE_AGE_HOUR|ALL|0-17|7,TRIAGE_AGE_HOUR,ALL,0-17,7,30,24.23,5.0,42.0,174.97,109.5,289.0,0.0
TRIAGE_AGE_HOUR|ALL|0-17|8,TRIAGE_AGE_HOUR,ALL,0-17,8,53,41.05,15.5,127.0,137.08,114.0,248.0,0.0
TRIAGE_AGE_HOUR|ALL|0-17|9,TRIAGE_AGE_HOUR,ALL,0-17,9,58,38.79,9.5,131.0,206.59,137.5,468.0,0.086207
TRIAGE_AGE_HOUR|ALL|0-17|ALL,TRIAGE_AGE_HOUR,ALL,0-17,ALL,30,,,,,,,0.2
TRIAGE_AGE_HOUR|ALL|18-44|0,TRIAGE_AGE_HOUR,ALL,18-44,0,56,37.32,15.0,59.0,302.44,160.5,834.0,0.071429
TRIAGE_AGE_HOUR|ALL|18-44|1,TRIAGE_AGE_HOUR,ALL,18-44,1,64,49.24,22.0,59.0,287.73,171.0,491.0,0.078125
TRIAGE_AGE_HOUR|ALL|18-44|10,TRIAGE_AGE_HOUR,ALL,18-44,10,112,25.12,17.5,61.0,239.0,157.0,423.0,0.080357
TRIAGE_AGE_HOUR|ALL|18-44|11,TRIAGE_AGE_HOUR,ALL,18-44,11,103,35.77,12.0,53.0,229.2,156.0,359.0,0.07767
TRIAGE_AGE_HOUR|ALL|18-44|12,TRIAGE_AGE_HOUR,ALL,18-44,12,120,39.29,17.0,98.0,263.88,151.0,619.0,0.091667
TRIAGE_AGE_HOUR|ALL|18-44|13,TRIAGE_AGE_HOUR,ALL,18-44,13,136,43.48,17.0,110.0,253.37,153.0,527.0,0.066176
TRIAGE_AGE_HOUR|ALL|18-44|14,TRIAGE_AGE_HOUR,ALL,18-44,14,127,59.0,23.0,156.0,296.79,208.0,537.0,0.062992
TRIAGE_AGE_HOUR|ALL|18-44|15,TRIAGE_AGE_HOUR,ALL,18-44,15,110,35.64,16.0,93.0,216.09,154.0,374.0,0.063636
TRIAGE_AGE_HOUR|ALL|18-44|16,TRIAGE_AGE_HOUR,ALL,18-44,16,118,27.43,13.0,61.0,326.44,159.0,443.0,0.101695
TRIAGE_AGE_HOUR|ALL|18-44|17,TRIAGE_AGE_HOUR,ALL,18-44,17,87,49.91,26.0,121.0,298.04,160.0,475.0,0.068966
TRIAGE_AGE_HOUR|ALL|18-44|18,TRIAGE_AGE_HOUR,ALL,18-44,18,124,37.04,18.5,94.0,210.01,135.5,371.0,0.080645
TRIAGE_AGE_HOUR|ALL|18-44|19,TRIAGE_AGE_HOUR,ALL,18-44,19,110,27.83,12.5,86.0,199.79,136.5,361.0,0.063636
TRIAGE_AGE_HOUR|ALL|18-44|2,TRIAGE_AGE_HOUR,ALL,18-44,2,46,42.62,9.0,51.0,293.88,150.0,826.0,0.086957
TRIAGE_AGE_HOUR|ALL|18-44|20,TRIAGE_AGE_HOUR,ALL,18-44,20,101,39.11,19.5,110.0,243.89,160.0,434.0,0.049505
TRIAGE_AGE_HOUR|ALL|18-44|21,TRIAGE_AGE_HOUR,ALL,18-44,21,86,35.04,15.0,96.0,231.29,151.5,415.0,0.069767
TRIAGE_AGE_HOUR|ALL|18-44|22,TRIAGE_AGE_HOUR,ALL,18-44,22,60,19.46,10.5,37.0,186.8,146.0,366.0,0.066667
TRIAGE_AGE_HOUR|ALL|18-44|23,TRIAGE_AGE_HOUR,ALL,18-44,23,58,52.91,21.0,79.0,451.55,206.0,693.0,0.086207
TRIAGE_AGE_HOUR|ALL|18-44|3,TRIAGE_AGE_HOUR,ALL,18-44,3,33,31.08,14.0,104.0,470.09,145.0,1118.0,0.151515
TRIAGE_AGE_HOUR|ALL|18-44|4,TRIAGE_AGE_HOUR,ALL,18-44,4,30,20.2,20.0,47.0,331.12,141.5,404.0,0.066667
TRIAGE_AGE_HOUR|ALL|18-44|5,TRIAGE_AGE_HOUR,ALL,18-44,5,35,34.57,14.5,85.0,263.76,179.0,613.0,0.114286
TRIAGE_AGE_HOUR|ALL|18-44|6,TRIAGE_AGE_HOUR,ALL,18-44,6,40,16.74,8.0,35.0,321.44,138.0,643.0,0.175
TRIAGE_AGE_HOUR|ALL|18-44|7,TRIAGE_AGE_HOUR,ALL,18-44,7,54,16.6,10.0,40.0,350.28,152.0,596.0,0.074074
TRIAGE_AGE_HOUR|ALL|18-44|8,TRIAGE_AGE_HOUR,ALL,18-44,8,67,25.82,10.0,58.0,300.02,166.0,493.0,0.029851
TRIAGE_AGE_HOUR|ALL|18-44|9,TRIAGE_AGE_HOUR,ALL,18-44,9,101,27.95,17.0,63.0,284.38,157.5,511.0,0.158416
TRIAGE_AGE_HOUR|ALL|18-44|ALL,TRIAGE_AGE_HOUR,ALL,18-44,ALL,75,,,,,,,0.066667
TRIAGE_AGE_HOUR|ALL|45-64|0,TRIAGE_AGE_HOUR,ALL,45-64,0,25,45.36,4.5,42.0,407.0,221.0,968.0,0.24
TRIAGE_AGE_HOUR|ALL|45-64|1,TRIAGE_AGE_HOUR,ALL,45-64,1,35,37.55,19.0,83.0,261.59,175.5,530.0,0.142857
TRIAGE_AGE_HOUR|ALL|45-64|10,TRIAGE_AGE_HOUR,ALL,45-64,10,84,36.09,16.0,87.0,280.24,188.0,413.0,0.178571
TRIAGE_AGE_HOUR|ALL|45-64|11,TRIAGE_AGE_HOUR,ALL,45-64,11,77,46.59,21.5,106.0,282.23,195.0,557.0,0.116883
TRIAGE_AGE_HOUR|ALL|45-64|12,TRIAGE_AGE_HOUR,ALL,45-64,12,72,31.25,13.0,77.0,299.35,181.0,534.0,0.166667
TRIAGE_AGE_HOUR|ALL|45-64|13,TRIAGE_AGE_HOUR,ALL,45-64,13,87,49.08,27.5,113.0,215.99,176.0,474.0,0.114943
TRIAGE_AGE_HOUR|ALL|45-64|14,TRIAGE_AGE_HOUR,ALL,45-64,14,79,48.95,17.5,70.0,325.24,156.0,745.0,0.139241
TRIAGE_AGE_HOUR|ALL|45-64|15,TRIAGE_AGE_HOUR,ALL,45-64,15,61,44.53,12.0,92.0,354.26,201.5,694.0,0.196721
TRIAGE_AGE_HOUR|ALL|45-64|16,TRIAGE_AGE_HOUR,ALL,45-64,16,63,31.2,12.0,98.0,258.32,161.0,314.0,0.142857
TRIAGE_AGE_HOUR|ALL|45-64|17,TRIAGE_AGE_HOUR,ALL,45-64,17,53,38.2,13.0,71.0,308.14,161.0,695.0,0.113208
TRIAGE_AGE_HOUR|ALL|45-64|18,TRIAGE_AGE_HOUR,ALL,45-64,18,57,34.26,15.0,65.0,396.04,206.0,1259.0,0.157895
TRIAGE_AGE_HOUR|ALL|45-64|19,TRIAGE_AGE_HOUR,ALL,45-64,19,57,52.18,14.0,181.0,337.49,197.0,695.0,0.105263
TRIAGE_AGE_HOUR|ALL|45-64|2,TRIAGE_AGE_HOUR,ALL,45-64,2,30,20.28,9.0,43.0,409.63,167.5,927.0,0.1
TRIAGE_AGE_HOUR|ALL|45-64|20,TRIAGE_AGE_HOUR,ALL,45-64,20,45,51.49,26.0,104.0,526.14,191.0,1080.0,0.133333
TRIAGE_AGE_HOUR|ALL|45-64|21,TRIAGE_AGE_HOUR,ALL,45-64,21,51,43.82,21.5,97.0,286.27,152.0,643.0,0.039216
TRIAGE_AGE_HOUR|ALL|45-64|22,TRIAGE_AGE_HOUR,ALL,45-64,22,43,47.0,11.0,82.0,477.27,197.0,1186.0,0.27907
TRIAGE_AGE_HOUR|ALL|45-64|23,TRIAGE_AGE_HOUR,ALL,45-64,23,33,38.88,20.5,81.0,450.19,290.0,823.0,0.151515
TRIAGE_AGE_HOUR|ALL|45-64|3,TRIAGE_AGE_HOUR,ALL,45-64,3,12,107.0,18.0,58.0,322.45,173.0,830.0,0.166667
TRIAGE_AGE_HOUR|ALL|45-64|4,TRIAGE_AGE_HOUR,ALL,45-64,4,18,16.28,10.5,33.0,314.94,141.0,899.0,0.111111
TRIAGE_AGE_HOUR|ALL|45-64|5,TRIAGE_AGE_HOUR,ALL,45-64,5,19,88.57,20.5,156.0,389.95,236.0,927.0,0.157895
TRIAGE_AGE_HOUR|ALL|45-64|6,TRIAGE_AGE_HOUR,ALL,45-64,6,29,62.4,9.0,278.0,315.41,199.0,646.0,0.068966
TRIAGE_AGE_HOUR|ALL|45-64|7,TRIAGE_AGE_HOUR,ALL,45-64,7,31,26.04,8.0,99.0,284.76,161.0,516.0,0.16129
TRIAGE_AGE_HOUR|ALL|45-64|8,TRIAGE_AGE_HOUR,ALL,45-64,8,81,20.4,9.0,51.0,220.44,156.0,423.0,0.098765
TRIAGE_AGE_HOUR|ALL|45-64|9,TRIAGE_AGE_HOUR,ALL,45-64,9,83,30.28,15.0,65.0,278.92,168.0,499.0,0.060241
TRIAGE_AGE_HOUR|ALL|45-64|ALL,TRIAGE_AGE_HOUR,ALL,45-64,ALL,31,,,,,,,0.096774
TRIAGE_AGE_HOUR|ALL|65-74|0,TRIAGE_AGE_HOUR,ALL,65-74,0,14,62.64,14.0,162.0,337.64,218.0,859.0,0.357143
TRIAGE_AGE_HOUR|ALL|65-74|1,TRIAGE_AGE_HOUR,ALL,65-74,1,8,30.0,22.0,51.0,385.12,237.5,826.0,0.375
TRIAGE_AGE_HOUR|ALL|65-74|10,TRIAGE_AGE_HOUR,ALL,65-74,10,44,51.79,9.5,63.0,314.29,234.5,590.0,0.159091
TRIAGE_AGE_HOUR|ALL|65-74|11,TRIAGE_AGE_HOUR,ALL,65-74,11,38,27.27,9.0,52.0,311.83,236.0,458.0,0.184211
TRIAGE_AGE_HOUR|ALL|65-74|12,TRIAGE_AGE_HOUR,ALL,65-74,12,42,47.14,18.5,137.0,394.9,223.0,570.0,0.357143
TRIAGE_AGE_HOUR|ALL|65-74|13,TRIAGE_AGE_HOUR,ALL,65-74,13,46,40.44,19.0,76.0,411.12,239.0,851.0,0.23913
TRIAGE_AGE_HOUR|ALL|65-74|14,TRIAGE_AGE_HOUR,ALL,65-74,14,42,45.19,24.5,93.0,356.84,203.5,479.0,0.119048
TRIAGE_AGE_HOUR|ALL|65-74|15,TRIAGE_AGE_HOUR,ALL,65-74,15,33,42.83,8.0,150.0,311.48,190.0,599.0,0.212121
TRIAGE_AGE_HOUR|ALL|65-74|16,TRIAGE_AGE_HOUR,ALL,65-74,16,33,58.46,16.5,178.0,510.28,270.0,1138.0,0.242424
TRIAGE_AGE_HOUR|ALL|65-74|17,TRIAGE_AGE_HOUR,ALL,65-74,17,27,47.25,15.0,151.0,285.42,207.5,562.0,0.111111
TRIAGE_AGE_HOUR|ALL|65-74|18,TRIAGE_AGE_HOUR,ALL,65-74,18,26,74.22,16.0,281.0,388.12,228.0,827.0,0.153846
TRIAGE_AGE_HOUR|ALL|65-74|19,TRIAGE_AGE_HOUR,ALL,65-74,19,18,35.21,17.5,102.0,363.27,191.0,1306.0,0.277778
TRIAGE_AGE_HOUR|ALL|65-74|2,TRIAGE_AGE_HOUR,ALL,65-74,2,9,41.88,11.0,130.0,464.44,241.0,701.0,0.777778
TRIAGE_AGE_HOUR|ALL|65-74|20,TRIAGE_AGE_HOUR,ALL,65-74,20,18,33.94,10.0,46.0,399.94,220.0,1071.0,0.388889
TRIAGE_AGE_HOUR|ALL|65-74|21,TRIAGE_AGE_HOUR,ALL,65-74,21,15,18.71,8.5,55.0,550.13,215.0,1009.0,0.2
TRIAGE_AGE_HOUR|ALL|65-74|22,TRIAGE_AGE_HOUR,ALL,65-74,22,16,64.2,37.0,126.0,482.69,267.5,1116.0,0.375
TRIAGE_AGE_HOUR|ALL|65-74|23,TRIAGE_AGE_HOUR,ALL,65-74,23,13,27.08,9.0,107.0,507.92,233.0,304.0,0.538462
TRIAGE_AGE_HOUR|ALL|65-74|3,TRIAGE_AGE_HOUR,ALL,65-74,3,5,5.0,0.0,18.0,424.2,236.0,963.0,0.6
TRIAGE_AGE_HOUR|ALL|65-74|4,TRIAGE_AGE_HOUR,ALL,65-74,4,8,154.29,10.0,117.0,667.62,244.5,1283.0,0.25
TRIAGE_AGE_HOUR|ALL|65-74|5,TRIAGE_AGE_HOUR,ALL,65-74,5,7,10.67,6.0,13.0,212.0,185.0,242.0,0.285714
TRIAGE_AGE_HOUR|ALL|65-74|6,TRIAGE_AGE_HOUR,ALL,65-74,6,12,27.45,6.0,50.0,397.67,372.0,974.0,0.25
TRIAGE_AGE_HOUR|ALL|65-74|7,TRIAGE_AGE_HOUR,ALL,65-74,7,17,19.0,11.0,67.0,359.47,241.0,438.0,0.058824
TRIAGE_AGE_HOUR|ALL|65-74|8,TRIAGE_AGE_HOUR,ALL,65-74,8,19,22.2,11.0,60.0,263.32,181.0,414.0,0.052632
TRIAGE_AGE_HOUR|ALL|65-74|9,TRIAGE_AGE_HOUR,ALL,65-74,9,28,35.46,17.0,76.0,226.69,201.5,352.0,0.214286
TRIAGE_AGE_HOUR|ALL|65-74|ALL,TRIAGE_AGE_HOUR,ALL,65-74,ALL,8,,,,,,,0.0
TRIAGE_AGE_HOUR|ALL|75+|0,TRIAGE_AGE_HOUR,ALL,75+,0,13,20.4,10.0,22.0,476.0,221.0,1044.0,0.538462
TRIAGE_AGE_HOUR|ALL|75+|1,TRIAGE_AGE_HOUR,ALL,75+,1,9,143.0,31.0,71.0,347.44,264.0,525.0,0.111111
TRIAGE_AGE_HOUR|ALL|75+|10,TRIAGE_AGE_HOUR,ALL,75+,10,46,44.74,11.5,119.0,327.59,239.0,551.0,0.347826
TRIAGE_AGE_HOUR|ALL|75+|11,TRIAGE_AGE_HOUR,ALL,75+,11,43,27.21,11.0,57.0,375.9,228.0,520.0,0.325581
TRIAGE_AGE_HOUR|ALL|75+|12,TRIAGE_AGE_HOUR,ALL,75+,12,29,18.35,11.0,53.0,284.41,269.0,479.0,0.344828
TRIAGE_AGE_HOUR|ALL|75+|13,TRIAGE_AGE_HOUR,ALL,75+,13,44,23.06,10.0,66.0,345.1,206.0,577.0,0.272727
TRIAGE_AGE_HOUR|ALL|75+|14,TRIAGE_AGE_HOUR,ALL,75+,14,46,26.54,8.0,74.0,397.6,254.5,680.0,0.391304
TRIAGE_AGE_HOUR|ALL|75+|15,TRIAGE_AGE_HOUR,ALL,75+,15,41,39.11,10.0,89.0,405.59,296.0,542.0,0.463415
TRIAGE_AGE_HOUR|ALL|75+|16,TRIAGE_AGE_HOUR,ALL,75+,16,34,22.59,9.0,63.0,399.03,145.0,345.0,0.147059
TRIAGE_AGE_HOUR|ALL|75+|17,TRIAGE_AGE_HOUR,ALL,75+,17,29,23.75,12.0,70.0,210.54,190.5,357.0,0.275862
TRIAGE_AGE_HOUR|ALL|75+|18,TRIAGE_AGE_HOUR,ALL,75+,18,28,39.48,10.0,127.0,241.93,201.0,476.0,0.142857
TRIAGE_AGE_HOUR|ALL|75+|19,TRIAGE_AGE_HOUR,ALL,75+,19,18,24.62,18.0,77.0,473.89,178.0,317.0,0.5
TRIAGE_AGE_HOUR|ALL|75+|2,TRIAGE_AGE_HOUR,ALL,75+,2,13,16.08,2.5,37.0,358.85,343.0,705.0,0.615385
TRIAGE_AGE_HOUR|ALL|75+|20,TRIAGE_AGE_HOUR,ALL,75+,20,23,22.61,10.5,57.0,351.0,262.5,660.0,0.521739
TRIAGE_AGE_HOUR|ALL|75+|21,TRIAGE_AGE_HOUR,ALL,75+,21,10,8.0,4.0,15.0,291.9,270.0,457.0,0.3
TRIAGE_AGE_HOUR|ALL|75+|22,TRIAGE_AGE_HOUR,ALL,75+,22,16,15.5,8.5,42.0,319.8,177.0,1003.0,0.375
TRIAGE_AGE_HOUR|ALL|75+|23,TRIAGE_AGE_HOUR,ALL,75+,23,13,46.44,20.0,63.0,292.38,193.0,647.0,0.307692
TRIAGE_AGE_HOUR|ALL|75+|3,TRIAGE_AGE_HOUR,ALL,75+,3,5,17.2,1.0,81.0,756.0,134.0,3297.0,0.2
TRIAGE_AGE_HOUR|ALL|75+|4,TRIAGE_AGE_HOUR,ALL,75+,4,9,19.29,16.0,29.0,454.86,351.0,849.0,0.444444
TRIAGE_AGE_HOUR|ALL|75+|5,TRIAGE_AGE_HOUR,ALL,75+,5,9,12.67,15.0,16.0,377.5,372.5,556.0,0.222222
TRIAGE_AGE_HOUR|ALL|75+|6,TRIAGE_AGE_HOUR,ALL,75+,6,9,8.62,2.0,11.0,671.11,279.0,752.0,0.333333
TRIAGE_AGE_HOUR|ALL|75+|7,TRIAGE_AGE_HOUR,ALL,75+,7,18,26.69,6.5,140.0,210.39,190.5,284.0,0.277778
TRIAGE_AGE_HOUR|ALL|75+|8,TRIAGE_AGE_HOUR,ALL,75+,8,21,6.29,5.0,15.0,308.45,201.5,479.0,0.238095
TRIAGE_AGE_HOUR|ALL|75+|9,TRIAGE_AGE_HOUR,ALL,75+,9,39,23.57,12.5,57.0,232.12,230.0,448.0,0.282051
TRIAGE_AGE_HOUR|ALL|75+|ALL,TRIAGE_AGE_HOUR,ALL,75+,ALL,17,,,,,,,0.411765
